id_director,director_name
1,Kirsten Johnson
2,Theodore Melfi
3,Indefinido
4,Joe Penna
5,Ahishor Solomon
6,Curtis Graham
7,Gerardo Gatica
8,Suhas Kadav
9,"Akshay Sanjeev Chavan, Sumit Das"
10,John Madden
11,Edward James Olmos
12,Abhinay Deo
13,Kiran Rao
14,Abbas Tyrewala
15,"Chapman Way, Maclain Way"
16,Ashutosh Gowariker
17,Satyajit Bhatkal
18,"Anusha Rizvi, Mahmood Farooqui"
19,Aamir Khan
20,"Shashank Khaitan, Raj Mehta, Neeraj Ghaywan, Kayoze Irani"
21,Ryan Crego
22,Cassi Simonds
23,Guillermo del Toro
24,Jason Hehir
25,Tony Abulu
26,Mae Czarina Cruz
27,Stefan Westerwelle
28,Ron Howard
29,"Justin Benson, Aaron Moorhead"
30,Niki Caro
31,"Mark Dennis, Ben Foster"
32,Taranveer Singh
33,Yemi Amodu
34,TT The Artist
35,"Keiichi Sato, Yasushi Kawamura"
36,Glenn Weiss
37,Michael Civille
38,Ryuichi Hiroki
39,Paul Thomas Anderson
40,One9
41,Adriano Rudiman
42,Luis Valdez
43,Lijo Jose Pellissery
44,Cheng Wei-hao
45,Pass Patthanakumjon
46,Buchi Babu Sana
47,Fredrick Munk
48,"Moyoung Jin, Caroline Sá, Deepti Kakkar, Fahad Mustafa, Hikaru Toda, Chico Pereira, Elaine McMillion Sheldon"
49,David de Vos
50,Zhao Ji
51,Jamie Babbit
52,Park Hoon-jung
53,Dare Olaitan
54,Hardik Mehta
55,Ben Falcone
56,"Travon Free, Martin Desmond Roe"
57,Angga Dwimas Sasongko
58,Steve Rolston
59,Shalini Kantayya
60,Madonne Ashwin
61,Enah Johnscott
62,Braden R. Duemmler
63,Cal Brunker
64,Steve Pink
65,Xiao Feng
66,Vince Marcello
67,Ricky Staub
68,"Patrick Durham, Paul G. Volk"
69,BB Sasore
70,Naseef Yusuf Izuddin
71,"Luis Alfaro, Javier Gómez Santander"
72,"Appie Boudellah, Aram van de Rest"
73,Sylvie Verheyde
74,Nick Moore
75,Alex Zamm
76,Roland Emmerich
77,Rajkumar Hirani
78,Rajesh Mapuskar
79,Lina Al Abed
80,James Wan
81,David Hackl
82,Takeshi Nozue
83,Robert Luketic
84,Subhash Kapoor
85,Ringo Lam
86,George Cukor
87,Tony Giglio
88,Sara Colangelo
89,Hidenori Inoue
90,Don Michael Paul
91,"Shinji Aramaki, Masaru Matsumoto"
92,John Luessenhop
93,"Hanung Bramantyo, Pandu Adjisurya"
94,Bashir El Deek
95,Roman Polański
96,Stephen Herek
97,Nelson McCormick
98,Mic Rodgers
99,Bejoy Nambiar
100,Shawn Rech
101,Peyton Reed
102,Julian Schnabel
103,Adrián García Bogliano
104,Jose Gomez
105,Rahul Rawail
106,Jonathon Link
107,Blair Simmons
108,Justin Chadwick
109,John Hillcoat
110,Nadine Ibrahim
111,Roman White
112,Jane Campion
113,Fermín Muguruza
114,Mike Hodges
115,Eylem Kaftan
116,Fernando Ayllón
117,Umesh Bist
118,Massimiliano Camaiti
119,Nagesh Kukunoor
120,Aleksey Tsitsilin
121,Ali Tabrizi
122,Kagiso Lediga
123,Jung-ah Im
124,Stephen Frears
125,Takuma Sato
126,Brody Chu
127,Dimitri Logothetis
128,Luke Holland
129,Taketoshi Sado
130,Li Weiran
131,Chinaza Onuzo
132,Anna Elizabeth James
133,Vitor Brandt
134,Shanker Raman
135,Troy Miller
136,Liam ODonnell
137,"Manny Rodriguez, Jay Lavender"
138,Farah Nabulsi
139,Walter Taylaur
140,Chris Smith
141,Alain Brunard
142,Tate Taylor
143,Ladislaus Kiraly
144,Kongkiat Komesiri
145,JP Habac
146,Oliver Stone
147,Hemambar Jasti
148,Steven Spielberg
149,Taylor Morden
150,Helena Coan
151,Muharrem Gülmez
152,Dolapo Adeleke
153,Mahsun Kırmızıgül
154,Can Ulkay
155,Luis Alejandro Pérez
156,Ketche
157,Erol Özlevi
158,Miguel Arteta
159,Tolga Örnek
160,Pablo Agüero
161,Mohammad Irfan Ramly
162,"Kevin McManus, Matthew McManus"
163,"Ange Basterga, Nicolas Lopez"
164,Gitanjali Rao
165,Halitha Shameem
166,Carlos Moreno
167,Kayode Kasum
168,Maribel Sánchez-Maroto
169,Julien Leclercq
170,Fajar Bustomi
171,Taylor Hackford
172,Lasse Hallström
173,Amy Poehler
174,"Jared Hess, Tyler Measom"
175,Mike Binder
176,Abir Sengupta
177,Sunny Lau
178,Emmett Malloy
179,"Xavier Maingon, Marc-Antoine Hélard"
180,Milton Kremer
181,Kevin Costner
182,Marco Petry
183,"Andrew Duncan, Ken Cunningham"
184,Barry Levinson
185,Liam Lynch
186,"Jérémie Degruson, Ben Stassen"
187,Matt Ross
188,Dani de la Orden
189,Pablo Larraín
190,John Erick Dowdle
191,Jesse Peretz
192,Ribhu Dasgupta
193,Baran bo Odar
194,Vidhu Vinod Chopra
195,Rizki Balki
196,Shunsuke Kariyama
197,Jeferson De
198,Mark Rosman
199,Barry Avrich
200,"David Tryhorn, Ben Nicholas"
201,Tirumala Kishore
202,Huang Hsin-Yao
203,Chris Weitz
204,Gilles Paquet-Brenner
205,Saron Sakina
206,J Blakeson
207,Khalid Rahman
208,Luis Ara
209,"Tharun Bhascker Dhaassyam, B. V. Nandini Reddy, Nag Ashwin, Sankalp Reddy"
210,Prateek Vats
211,Alex Merkin
212,Christian Schwochow
213,Ian Cheney
214,Ben Simms
215,Vikram Bhatt
216,Dallas Jenkins
217,Scott Pleydell-Pearce
218,Damián Romay
219,Hamisha Daryani Ahuja
220,Hong Khaou
221,Mario Briongos
222,Vinay Bharadwaj
223,Michael Fimognari
224,Ridley Scott
225,Eric D. Cabello Díaz
226,Clara Martínez-Lázaro
227,Monty Tiwa
228,Ava DuVernay
229,Alain Darborg
230,Filip Zylber
231,Joe Berlinger
232,Julien Royal
233,Brian Baugh
234,Todd Phillips
235,Henri Wong
236,Maïa Sandoz
237,Mostofa Sarwar Farooki
238,Neill Blomkamp
239,Joseph Hsu
240,Sam Levinson
241,Jo Sung-hee
242,Michèle Ohayon
243,Rocco Ricciardulli
244,Guo Jingming
245,Jan Belcl
246,Esteban Crespo
247,Phillip Noyce
248,Noé González
249,Dennis Dugan
250,Sarah Gavron
251,Martin Scorsese
252,Renny Harlin
253,Roger Donaldson
254,Richard Arellano
255,Jon Favreau
256,Marco Pontecorvo
257,Gregory Plotkin
258,Lluís Quílez
259,Anthony Minghella
260,Jude Weng
261,Simon Stone
262,Noviandra Santosa
263,Jeremy Grant
264,Jeo Baby
265,Glendyn Ivin
266,Simon Wincer
267,Okey Oku
268,Ifeanyi Ikpoenyi
269,Chris Eneng Enaji
270,Ángeles Reiné
271,Paul Haggis
272,Ramin Bahrani
273,Nicol Paone
274,Nick Rowland
275,RZA
276,Cooper Karl
277,Gary Fleder
278,J.A. Bayona
279,Darren Lynn Bousman
280,Bruno Garotti
281,Spike Lee
282,"Lydia Dean Pilcher, Ginny Mohler"
283,Cris DAmato
284,Mikael Håfström
285,"Eric Darnell, Simon J. Smith"
286,Byeon Hee-sun
287,Sebastián Schindel
288,Peter Facinelli
289,Renuka Shahane
290,Ross Kauffman
291,Sung Do-jun
292,Hanung Bramantyo
293,"Charles Gozali, Bagus Bramanti"
294,James Toback
295,Tiller Russell
296,Francisco DEufemia
297,Chris Rock
298,Steven C. Miller
299,Juliet May
300,Stanley Nelson
301,"Olivier Nakache, Éric Toledano"
302,Prakash Jha
303,Rohan Sippy
304,Ross Venokur
305,Rohena Gera
306,Richard LaGravenese
307,Maite Ruiz De Austri
308,Jastis Arimba
309,"Eric Summer, Éric Warin"
310,Kornél Mundruczó
311,"Alejandro Ruax, Ramiro Martínez"
312,Florent Bodin
313,Martin Campbell
314,Sohail Khan
315,Gabriele Muccino
316,Hallvard Bræin
317,Jeff Tremaine
318,Christian Alvart
319,Reginald Hudlin
320,Robert Townsend
321,Jeff Deverett
322,Ron Krauss
323,Brian Robbins
324,Jeff Stilson
325,Sean Penn
326,Mark McQueen
327,"George Jackson, Doug McHenry"
328,Melanie Mayron
329,Donald Petrie
330,Tony Collingwood
331,"Jennifer Beamish, Toby Trackman"
332,Jaume Collet-Serra
333,Kim Dong-kyu
334,Eric Meza
335,Shaz Bennett
336,Samar Shaikh
337,Archie Hekagery
338,Sabrina Rochelle Kalangie
339,Cosima Spender
340,Liao Shih-han
341,"Arnon Manor, Timothy Ware-Hill"
342,Gore Verbinski
343,"Al Campbell, Alice Mathias"
344,Maïwenn
345,Gerhard Mostert
346,Richard Weston
347,Vikramaditya Motwane
348,Prime Cruz
349,Robert Rodriguez
350,Andibachtiar Yusuf
351,Yandy Laurens
352,Cathy Garcia-Molina
353,"John Mitchell, Jeremy Kipp Walker"
354,Michael Martin
355,George Clooney
356,Liu Kuang-hui
357,Roger Kumble
358,Kristian Mercado
359,"Daan Jansen, Stijn Verlinde"
360,Jay Grace
361,Michael Rymer
362,Paul Dugdale
363,James Haslam
364,Muhammad Ali
365,Thomas Toby Parkinson
366,John Putch
367,Sam Macaroni
368,George C. Wolfe
369,"Andrew Lau Wai-keung, Alan Mak"
370,Yasmin Ahmad
371,"Sudha Kongara, Vignesh Shivan, Gautham Vasudev Menon, Vetri Maaran"
372,Juan Camilo Pinzon
373,Lin Oeding
374,Naya Anindita
375,Antoinette Jadaone
376,Brett Weiner
377,Alexx Media
378,Farishad I. Latjuba
379,"Andrucha Waddington, Pedro Waddington"
380,Picky Talarico
381,Jun Lana
382,Brad Peyton
383,Lee Daniels
384,Tom Ford
385,"Ellena Wood, Jesse Vile"
386,Vir Das
387,Miranda de Pencier
388,Farhad Safinia
389,Shaun Paul Piccinino
390,Eddie Rosas
391,Frank E. Abney III
392,"James D. Stern, Fernando Villena"
393,Jim Henson
394,Ryan Murphy
395,Girish Malik
396,Deepa Mehta
397,Lai Chun-yu
398,Theodore Boborol
399,Gary Winick
400,Sydney Sibilia
401,Josiah Ng
402,Kirk Wise
403,Danishka Esterhazy
404,"Beth Sleven, Allan Jacobsen, Kevin Wotton"
405,Steve Ball
406,Jalil Lespert
407,"Su I-Hsuan, Chuang Shiang-an, Liu Yi"
408,Clint Butler
409,Troy Byer
410,"Erik Kling, Kevin Peaty"
411,Detlev Buck
412,David Fincher
413,Amanda Raymond
414,Jason Paul Laxamana
415,Pang Ho-cheung
416,Marc Fouchard
417,Darragh OConnell
418,Roberto Santucci
419,Dado C. Lumibao
420,August Jakobsson
421,Anna Wieczur-Bluszcz
422,McG
423,Damien O’Connor
424,Richard Laxton
425,Gil Kenan
426,Phil Burgers
427,Tim Burton
428,Pierre Morel
429,Brian Henson
430,Derick Cabrido
431,Marla M. Ancheta
432,Jen McGowan
433,Bernie Denk
434,Brian Skiba
435,"Stanley Moore, Alex Woo"
436,Oliver Bokelberg
437,Ángel Gómez Hernández
438,David Zucker
439,Ludovico Di Martino
440,Lee Chung-hyun
441,Barry Gonzalez
442,Brian Volk-Weiss
443,Matthew Michael Carnahan
444,Eric Bress
445,Kinka Usher
446,Chris Columbus
447,V Vignarajan
448,"Greg Rankin, TJ Sullivan"
449,Carlos Sorín
450,Matt Eskandari
451,Grant Singer
452,Mohammad Adel
453,Debbie Allen
454,Victor Gatonye
455,Stephen Chiodo
456,Sergio Leone
457,"Will McCormack, Michael Govier"
458,Monica Floyd
459,Anurag Kashyap
460,Siddique
461,Danish Aslam
462,Vibhu Virender Puri
463,"Matthew OCallaghan, Todd Wilderman"
464,Rohit Shetty
465,Mike Rohl
466,Shyam Benegal
467,Takeshi Fukunaga
468,Leslie Small
469,"Bobby Farrelly, Peter Farrelly"
470,Jeff Nichols
471,"Sabaah Folayan, Damon Davis"
472,Justin G. Dyck
473,"Cody Cameron, Kris Pearn"
474,"Pedro de Echave García, Pablo Azorín Williams"
475,Wolfgang Petersen
476,Michael Curtiz
477,Avinash Walzade
478,David E. Talbert
479,Renata Terra
480,Edoardo Ponti
481,Mateo Gil
482,Peter Spirer
483,Paul Soriano
484,Ryan Coogler
485,Anurag Basu
486,Lucas Santa Ana
487,Carla Barros
488,Michael Carney
489,Ulrike Kofler
490,"Steven Bognar, Julia Reichert"
491,Kunle Afolayan
492,Weica Wang
493,"Aitor Arregi, Jon Garaño, Jose Mari Goenaga"
494,Richard Linklater
495,Kevin Pollak
496,Otoja Abit
497,Alejandro Hartmann
498,Maxwell McGuire
499,Ruel S. Bayani
500,Martin Wood
501,Amy Rice
502,Narendra Nath
503,Jan-Peter Horns
504,Tatsushi Omori
505,Estela Renner
506,"Zeek Earl, Christopher Caldwell"
507,Antoine Fuqua
508,Michael Kampa
509,Chanda Bell
510,Jennifer Westcott
511,Randal Kleiser
512,Richard Greenberg
513,Peter Berg
514,Nicolas Pesce
515,Christopher Cain
516,Michael Ritchie
517,Juliana Vicente
518,Harald Zwart
519,Stacia Crawford
520,Remi Weekes
521,Tope Oshin
522,Terrie Samundra
523,J. Lee Thompson
524,Olivier Marchal
525,Santiago Alvarado Ilarri
526,Frasco Mortiz
527,John Whitesell
528,Antonio Díaz
529,Nimród Antal
530,Bartosz M. Kowalski
531,"Evan Goldberg, Seth Rogen"
532,James Tovell
533,Matías Gueilburt
534,Natasha Lyonne
535,"Chang Chin-jung, Chen Rong-hui"
536,Rajkumar Santoshi
537,Lance Daly
538,Unjoo Moon
539,Gil Baroni
540,Tom Shadyac
541,"Thierry Demaizière, Alban Teurlai"
542,Glen Keane
543,Chris Sivertson
544,"Kief Davidson, Pedro Kos"
545,Jarand Herdal
546,Dan Villegas
547,Chris Foggin
548,Peter Segal
549,Kim Nguyen
550,Karen Maine
551,Tim Neeves
552,Ben Wheatley
553,Maroun Baghdadi
554,Philippe Aractingi
555,Amin Dora
556,Rana Eid
557,Daniel Joseph
558,Randa Chahal Sabbag
559,Malcolm D. Lee
560,Ziad Doueiri
561,Shady Hanna
562,Josef Fares
563,"Sam Fell, Chris Butler"
564,Ross Boyask
565,"David Tosh Gitonga, Michael Jones"
566,Ti West
567,Manolo Caro
568,Aaron Sorkin
569,Levan Gabriadze
570,Rachel Talalay
571,Sam Liu
572,Peter Mimi
573,Lasja Fauzia Susatyo
574,"Pavitra Chalam, Akshay Shankar"
575,"Kevin Ko, Peter Tsi"
576,Caroline Suh
577,Carlos Pérez Osorio
578,Ken Ghosh
579,Indra Kumar
580,B. Subhash
581,Harshavardhan Kulkarni
582,Neeraj Vora
583,Puneet Khanna
584,Meltem Bozoflu
585,Radha Blank
586,"Bigflo & Oli, Jérémie Levypon"
587,Eduardo Pinto
588,Steve Brill
589,Pavel Kostomarov
590,Mike Elliott
591,Francis Whately
592,Jon Izen
593,Christopher Nolen
594,"Alastair Fothergill, Jonnie Hughes, Keith Scholey"
595,Amy Segal
596,Umut Aral
597,"Ramzy Bedia, Éric Judor"
598,Umut Kirca
599,"Alex Woo, Stanley Moore"
600,Kenneth Gyang
601,Sudhir Mishra
602,Domenico de Feudis
603,Adam Salky
604,Burak Aksak
605,Oz Rodriguez
606,Salvador Espinosa
607,Adrian Teh
608,Brad Silberling
609,"Elsa Flores Almaraz, Richard J Montoya"
610,Carey McKenzie
611,Sharan Koppisetty
612,Gary Ross
613,Adam Bolt
614,Taika Waititi
615,"Lindsey Cordero, Armando Croda"
616,David LaChapelle
617,Taylor Sheridan
618,Mostafa Abu Seif
619,Faris Godus
620,Rod Lurie
621,Stacie Passon
622,Jenny Popplewell
623,Florian Schott
624,Sachin Yardi
625,Tom Whitworth
626,Joe Mantello
627,Lee Hirsch
628,Page Hurwitz
629,Dallas Jackson
630,Rajat Kapoor
631,Abhishek Chaubey
632,Imtiaz Ali
633,Navdeep Singh
634,Anees Bazmee
635,Rikhil Bahadur
636,Ozan Açıktan
637,Shawn Levy
638,Saurabh Kabra
639,Harry Bradbeer
640,"Joshua Tickell, Rebecca Harrell Tickell"
641,Sophia Nahli Allison
642,Norihisa Hiranuma
643,Shigeaki Kubo
644,"Shigeaki Kubo, Tsuyoshi Nakakuki"
645,Yudai Yamaguchi
646,Mark Waters
647,Marwan Hamed
648,Smeep Kang
649,Raja Chanda
650,Tigmanshu Dhulia
651,Akashdeep
652,Rajesh Ganguly
653,Alankrita Shrivastava
654,Chandra Liow
655,Sekhar Kammula
656,Gary Andrews
657,Merawi Gerima
658,Kemi Adetiba
659,Kubhaer T. Jethwani
660,Antonio Campos
661,Carles Torras
662,James Watkins
663,Philippa Lowthorpe
664,Partho Mitra
665,Pailin Wedel
666,Chris Howe
667,Peter Sollett
668,Raja Gosnell
669,Steve Bencich
670,Tosin Coker
671,Javier Colinas
672,Santram Varma
673,Dean DeBlois
674,Reinhard Klooss
675,Shaun Mir
676,Satish Rajwade
677,Abhijeet Deshpande
678,Mahesh Manjrekar
679,"Anil V. Kumar, Anurag Basu"
680,Prakash Kunte
681,Manish Saini
682,Kenny Ortega
683,Makarand Mane
684,Hakan Algül
685,Vijay Maurya
686,Sameer Patil
687,"Kenzo Maihara, Amandha Wyanto"
688,Ahmed Nader Galal
689,Sangeeth Sivan
690,Arati Kadav
691,Maïmouna Doucouré
692,Pepe Mora
693,Marcos Carnevale
694,Jeff Orlowski
695,Cho Il
696,"Pippa Ehrlich, James Reed"
697,Umesh Ghadge
698,Tolga Karaçelik
699,Davis Guggenheim
700,Philip Barantini
701,Charlie Kaufman
702,Jayan Moodley
703,Abba T. Makama
704,"Junior Carelli, Rudge Campos"
705,Ertanto Robby Soediskam
706,Mark Steven Johnson
707,Felix Binder
708,Thor Freudenthal
709,Nguyen Thanh Tung
710,David Dhawan
711,Baltasar Kormákur
712,Conrad Helten
713,Ayumu Watanabe
714,Hitoshi Namba
715,Dibakar Banerjee
716,Chris Miller
717,Sean Anders
718,Abbas Mustan
719,Duncan McMath
720,"Dan Forgione, Pete Jacobs, Matt Whitlock"
721,Francesco Carnesecchi
722,Apoorva Lakhia
723,Greg Tiernan
724,"Mark Thornton, Todd Kauffman"
725,Shamzu Zayba
726,Jesse V. Johnson
727,Brett Haley
728,"Chris Roland, Maradona Dias Dos Santos"
729,David Galán Galindo
730,Milan Luthria
731,David Moreton
732,Lester Hsi
733,Cyrus Nowrasteh
734,Isabel Sandoval
735,Nathan Wiley
736,Olivier Megaton
737,Wayne Blair
738,Atul Sabharwal
739,Bernardo Arellano
740,Trish Sie
741,Hong Won-ki
742,Pawan Kripalani
743,Khaled Marei
744,Prakash Satam
745,Fred Wolf
746,Niyi Akinmolayan
747,Sammaria Sari Simanjuntak
748,Bhushan Patel
749,Chairun Nissa
750,Tom Hooper
751,Sergei Bodrov
752,Anna Stone
753,Cory Edwards
754,Faraday Okoro
755,"Henry Joost, Ariel Schulman"
756,Rebecca Zlotowski
757,Sharan Sharma
758,Rob Minkoff
759,Tyler Spindel
760,Vicky Wight
761,Magnus Martens
762,Marc Meyers
763,Franziska Meyer Price
764,Steven Rinella
765,Laura Terruso
766,Martín Sastre
767,Franck Nataf
768,Pascal Amanfo
769,Savage Steve Holland
770,"Raj Nidimoru, Krishna D.K."
771,Mike Doyle
772,Darren Grant
773,Mike Gunther
774,Joseph Ruben
775,Mfanelo Ngoma
776,Colin Minihan
777,"Regina Welker, Nina Wels"
778,Honey Trehan
779,"Katleho Ramaphakela, Rethabile Ramaphakela"
780,Ariel Boles
781,Álvaro Delgado-Aparicio L.
782,Venkatesh Maha
783,Nopparoj Chotmunkongsit
784,Aniedi Anwah
785,Mickey Fonseca
786,Matias Mariani
787,Jan Komasa
788,Sue Kim
789,Paul Solet
790,Ben Kasulke
791,Gagan Puri
792,Teddy Chan
793,Bhavin Wadia
794,"Tony Bancroft, Scott Christian Sava"
795,Tope Alake
796,Fernando González Molina
797,Yuki Tanada
798,Alex Gibney
799,Ahn Byoung-wook
800,Sibusiso Khuzwayo
801,Joshua Rofé
802,"Lisa Cortés, Farah X"
803,Wilson Yip
804,"Dave Skinner, Freddie Waters"
805,Denis Do
806,"Leslye Davis, Catrin Einhorn"
807,Brad Anderson
808,"Toka McBaror, Tunde Apalowo"
809,Peter Sullivan
810,Axelle Laffont
811,Moses Inwang
812,"Mauricio Dias, Tatiana Villela"
813,Daniel Oriahi
814,Stefano Mordini
815,Hayden Guppy
816,Stéphane de Freitas
817,"André Odendaal, Johan Vorster"
818,Cassia Dian
819,Amro Salah
820,Sue Ding
821,Gina Prince-Bythewood
822,Wouter Bouvijn
823,Funke Akindele
824,Bryn Evans
825,"Cristina Costantini, Kareem Tabsch"
826,Hannah Fidell
827,"Chris Renaud, Kyle Balda"
828,Scott Zabielski
829,"Coodie, Chike"
830,QLF
831,Sachin Kundalkar
832,Puri Jagannadh
833,Vishal Mahadkar
834,"Anurag Kashyap, Dibakar Banerjee, Karan Johar, Zoya Akhtar"
835,Anthony DSouza
836,Soumendra Padhi
837,Fuwad Khan
838,Nishikant Kamat
839,Krish
840,Kabir Sadanand
841,Rachit Kusonkoonsiri
842,Shoojit Sircar
843,Omung Kumar
844,Angel Kristi Williams
845,Umesh Shukla
846,Devika Bhagat
847,Takashi Doscher
848,Shubham Singh
849,"Abbas Alibhai Burmawalla, Mastan Alibhai Burmawalla"
850,Luv Ranjan
851,Vikas Bahl
852,Neeraj Pandey
853,Aanand Rai
854,Gurmmeet Singh
855,LP
856,Rako Prijanto
857,Raoul Peck
858,K.S. Ravikumar
859,Christopher Alender
860,Shirley Frimpong-Manso
861,"Fabio Ock, Joana Mazzucchelli"
862,"Sabina Fedeli, Anna Migotto"
863,Kyran Kelly
864,Salvador Calvo
865,Rush Sturges
866,Cem Yılmaz
867,Bruce Beresford
868,Matthew Vaughn
869,Michael Duggan
870,"Almudena Carracedo, Robert Bahar"
871,Paul Verhoeven
872,David Oyelowo
873,Younuts!
874,Obi Emelonye
875,Daniel Effiong
876,Abhijit Panse
877,Rachel Griffiths
878,David Dobkin
879,Oluseyi Asurf
880,Eduardo Roy Jr.
881,Ravikanth Perepu
882,Mark Lo
883,Sooraj R. Barjatya
884,"Bonni Cohen, Jon Shenk"
885,Anvita Dutt
886,Gaspar Antillo
887,Eric Notarnicola
888,Musthafa
889,Ishaya Bako
890,"Kate Mulleavy, Laura Mulleavy"
891,Akhigbe Ilozobhie
892,Apurva Dhar Badgaiyann
893,Youssef Chahine
894,Elissa Down
895,Guillaume Pierret
896,Crystal Moselle
897,Olivier Assayas
898,"Junichi Sato, Tomotaka Shibayama"
899,Rathindran R Prasad
900,Pablo Aulita
901,Manatsanun Phanlerdwongsakul
902,Georges Hachem
903,Peter Lepeniotis
904,Jim Hosking
905,Paco Aguilar
906,Greg McLean
907,Juan José Campanella
908,A. Raajdheep
909,"Fajar Bustomi, Pidi Baiq"
910,Nicholas Kharkongor
911,Michael McKay
912,Kitaro Kosaka
913,Ali F. Mostafa
914,Ayman Makram
915,Rob Seidenglanz
916,George Gallo
917,Han Kwang Il
918,Ry Russo-Young
919,"Barbara Białowąs, Tomasz Mandes"
920,"Akhil Paul, Anas Khan"
921,Kanika Batra
922,Michael Cristofer
923,Mohamed Khan
924,Adriana Trigiani
925,Phil Sgriccia
926,Andaç Haznedaroğlu
927,Murat Kepez
928,Greta Gerwig
929,Sam Rega
930,Wael Ehsan
931,Inas El-Degheidy
932,Ahmed Al-Badry
933,Sameh Abdulaziz
934,Wael Ihsan
935,Izidore K. Musallam
936,Sherif Arafa
937,Yasir Al Yasiri
938,Safdar Rahman
939,Tomas Brickhill
940,Hani Al-Shaibani
941,Karim El Shenawy
942,Mamoru Hosoda
943,James Franco
944,Niall Johnson
945,Michael Damian
946,Ahmed Zain
947,Angshuman Ghosh
948,Ahmed Zein
949,Alejandro Montiel
950,Fernando Frías de la Parra
951,Madeleine Parry
952,Yin Chen-hao
953,Yu Yang
954,Jesse Warn
955,"Josh Safdie, Benny Safdie"
956,Rano Karno
957,Ramsey Nouah
958,"Hiromasa Yonebayashi, Yoshiyuki Momose, Akihiko Yamashita"
959,Brian Andrew Mendoza
960,Michael Showalter
961,"Norm Hiscock, Gary Howsam, Mike Smith, John Paul Tremblay, Robb Wells"
962,Almunsif Alsuwaisi
963,Fouad Al Shatti
964,Fouad El-Mohandes
965,Andrés Feddersen
966,Samir Al Asfory
967,Hussein Kamal
968,Hassan AbdulSalam
969,Houssam El-Din Mustafa
970,"Muhammad Fadl, Hany Motawie"
971,Lonzo Nzekwe
972,"Alex Timbers, Sam Wrench"
973,Rebecca Johnson
974,Carlos Morett
975,S. Shankar
976,Dave Needham
977,Megha Ramaswamy
978,Saeed Hamed
979,Ali Ragab
980,Ahmad El-Badri
981,Marcus Raboy
982,Veronica Velasco
983,Haifaa Al-Mansour
984,Ekene Som Mekwunye
985,Mohammed Alhmly
986,Drake Doremus
987,Lucien Bourjeily
988,Laura Mañá
989,Sivaroj Kongsakul
990,Miguel Alexandre
991,Salmeen AlMurry Amer
992,Mohit Suri
993,Obaid Alhmoudi
994,Julián Hernández
995,Adekunle Nodash Adejuyigbe
996,Sadeq Behbehani
997,Mani Ratnam
998,Dylan Mohan Gray
999,Hussein El Ansary
1000,Claire Scanlon
1001,Vipul Amrutlal Shah
1002,Donick Cary
1003,Will Forbes
1004,Francesco Amato
1005,"Damien Chazelle, Houda Benyamina, Laïla Marrakchi, Alan Poul"
1006,S.A. Zaidi
1007,Hamad AlSarraf
1008,He Xiaofeng
1009,Michael Harte
1010,Nadia Hallgren
1011,Pedro Flores Maldonado
1012,Joe DeMaio
1013,Aaron Woodley
1014,Lucas Margutti
1015,Ashok Nanda
1016,Hernán Guerschuny
1017,Alex Ranarivelo
1018,Tosin Igho
1019,Seth Barrish
1020,Brett Hedlund
1021,Joe Robert Cole
1022,Michelle Esrick
1023,Olivier Abbou
1024,Jeffrey Schwarz
1025,"Eric Darnell, Tom McGrath"
1026,Craig Freimond
1027,Shirish Kunder
1028,Alice Filippi
1029,Mysskin
1030,Alice Wu
1031,Joey So
1032,Dennie Gordon
1033,Michael M. Scott
1034,Paakhi Tyrewala
1035,Sion Sono
1036,"David Chuang, Chen Kuan-chung"
1037,Chris Bolan
1038,Yılmaz Erdoğan
1039,Omoni Oboli
1040,Saravana Rajan
1041,"Muharrem Gülmez, Sırrı Süreyya Önder"
1042,Sermiyan Midyat
1043,"Ahmed Yousry, Hazem Fouda"
1044,Handan İpekçi
1045,Kıvanç Baruönü
1046,Ferzan Özpetek
1047,Bedran Güzel
1048,Ashraf Fayeq
1049,Paul Munger
1050,Matei Dima
1051,Jonathan Augustin
1052,Laura Brownson
1053,Venky Kudumula
1054,Amr Arafa
1055,Michel Hazanavicius
1056,Ahmed Saleh
1057,Ahmed Medhat
1058,Mohamed Yassin
1059,Chakri Toleti
1060,Neville Shah
1061,Upi Avianto
1062,Yoon Sung-hyun
1063,Rachel Mason
1064,Patryk Vega
1065,Marc Vigil
1066,Kris Pearn
1067,Ryan Polito
1068,Anoop Sathyan
1069,Müfit Can Saçıntı
1070,Cüneyt Kaya
1071,Greg Barker
1072,Leticia Jorge Romero
1073,"Adrien Lagier, Ousmane Ly"
1074,"Ethan Coen, Joel Coen"
1075,Jon M. Chu
1076,Diego Pignataro
1077,Ian Edelman
1078,Ali Yorgancıoğlu
1079,Digo Ricio
1080,Emcy Joseph
1081,Kranthi Madhav
1082,Matt DElia
1083,Jeff Chan
1084,Dean Craig
1085,"Grand Corps Malade, Mehdi Idir"
1086,Jay Karas
1087,Stefano Lodovichi
1088,Alan Yang
1089,Rajiv Menon
1090,Perci Intalan
1091,M. Night Shyamalan
1092,Chris Robinson
1093,Eddie Mensore
1094,Sean Baker
1095,Padraig Reynolds
1096,Yorgos Lanthimos
1097,Ric Roman Waugh
1098,Ferdinando Cito Filomarino
1099,Michael Dowse
1100,"Pablo Lejarreta, Luis Alfaro"
1101,Armando Iannucci
1102,Akira Saitoh
1103,Haruka Fujita
1104,Mukul Anand
1105,Karan Malhotra
1106,Rajiv Chilaka
1107,"David Batra, Jon Rudberg"
1108,Tarun Mansukhani
1109,Ramesh Talwar
1110,Mahesh Bhatt
1111,Raj Khosla
1112,Punit Malhotra
1113,Vinil Mathew
1114,Shashank Khaitan
1115,Soham Shah
1116,Karan Johar
1117,Nikkhil Advani
1118,Shakun Batra
1119,"Rajiv Chilaka, Anirban Majumder, Alka Amarkant Dubey"
1120,Prakash Mehra
1121,Juan Carlos Medina
1122,Anand Ravichandran
1123,"Richard Claus, Karsten Kiilerich"
1124,Floria Sigismondi
1125,Renzil DSilva
1126,Fritz Böhm
1127,Ravishankar Venkateswaran
1128,Vijay S. Bhanushali
1129,David Hunt
1130,Stephen S. Campanelli
1131,Rakesh Ranjan Kumar
1132,Sam Irvin
1133,Gary Stretch
1134,Desingh Periyasamy
1135,"TJ Sullivan, Greg Rankin"
1136,Neeraj Udhwani
1137,Patrice Laliberté
1138,Inma Torrente
1139,"Ellen Page, Ian Daniel"
1140,"Todd Kauffman, Mark Thornton"
1141,Prentice Penny
1142,Zsolt Pálfi
1143,Nawapol Thamrongrattanarit
1144,Marlene Melchior
1145,Aaron Lieber
1146,Tamas Yvan Topolanszky
1147,"Àlex Pastor, David Pastor"
1148,Rami Hachache
1149,Francisco Macri
1150,Julián Gaviria
1151,Gabriela García Rivas
1152,"Eric Goode, Rebecca Chaiklin"
1153,Francesco Lettieri
1154,John Suits
1155,Steven Yamamoto
1156,"Takeru Nakajima, Yoshiyuki Okada"
1157,Malik Nejer
1158,Susan Walter
1159,Masaaki Yuasa
1160,Pierre Deschamps
1161,Jeff Tomsic
1162,Scot Armstrong
1163,Naman Nitin Mukesh
1164,Lynn Novick
1165,Navjot Gulati
1166,Stephanie Zwane
1167,Charles Uwagbai
1168,Owen Trevor
1169,Stephanie Turner
1170,Kim Seong-hun
1171,Liz Garbus
1172,Mehmet Ada Öztekin
1173,Jos Humphrey
1174,Lynn Shelton
1175,Sharmeen Obaid-Chinoy
1176,Toyin Abraham
1177,Adze Ugah
1178,Ruchi Narain
1179,Christophe Charrier
1180,Daniel Calparsoro
1181,Sam Hobkinson
1182,Steve Gukas
1183,Trivikram Srinivas
1184,Kittiphak Thonguam
1185,Cristi Puiu
1186,"Sebastian Jones, Ramez Silyan"
1187,Carlos Sedes
1188,"Adam B. Stein, Zach Lipovsky"
1189,Athiyan Athirai
1190,Zuko Nodada
1191,Madonna
1192,Milton Horowitz
1193,Sneha Taurani
1194,Momoko Kamiya
1195,Jonathan Teplitzky
1196,Matthew Ross
1197,Lee Kirk
1198,Ziggy Hofmeyr
1199,Gustavo Ron
1200,Yacine Belhousse
1201,Sam Dunn
1202,"Kunihiko Yuyama, Motonori Sakakibara"
1203,"Ali Kalthami, Meshal Aljaser, Faris Godus, Mohamed al Salman, Faisal al Amer"
1204,Tolu Awobiyi
1205,Sakon Tiacharoen
1206,Oyefunke Fayoyin
1207,Seyi Babatope
1208,Jason Orley
1209,Robert Eagar
1210,Travis Stevens
1211,Mick Grogan
1212,Nora Fingscheidt
1213,Jeethu Joseph
1214,Dee Rees
1215,Sooni Taraporevala
1216,Scott Stewart
1217,Linda Korsten
1218,Tom Barton-Humphreys
1219,Angelina Jolie
1220,R.J. Daniel Hanna
1221,Paco Cabezas
1222,Peter Billingsley
1223,Jason Zada
1224,Floyd Russ
1225,Avgousta Zourelidi
1226,"Richard Phelan, Will Becher"
1227,Rod Cabatana Marmol
1228,Michał Tylka
1229,Oliver Kienle
1230,Brian Webber
1231,"Takashi Yamazaki, Ryuichi Yagi, Makoto Hanafusa"
1232,"Pantham Thongsang, Cheewatan Pusitsuksa"
1233,"Paul Krüger, Anél Stolp"
1234,"Benny Safdie, Josh Safdie"
1235,Dustin Hoffman
1236,Andres Clariond
1237,Andrew Dean
1238,Lars Klevberg
1239,Lukasz Kosmicki
1240,Shanavas K. Bavakutty
1241,Kwabena Gyansah
1242,Jeff Baena
1243,Kumaran
1244,Jared Moshé
1245,"Austin Peck, Anneliese Vandenberg"
1246,James Bamford
1247,"Julia Willoughby Nason, Jenner Furst"
1248,Hideaki Takizawa
1249,"Nate Adams, Adam Carolla"
1250,Ivan Silvestrini
1251,Robert Krantz
1252,Gregory Jacobs
1253,Alfonso Cortés-Cavanillas
1254,Xavier Manrique
1255,Quoc Bao Tran
1256,Richard Gabai
1257,Alfons Adetuyi
1258,Thomas Astruc
1259,Erwin van den Eshof
1260,G.J. Echternkamp
1261,Hikari
1262,Jean-Claude Flamand-Barny
1263,Lana Wilson
1264,Shannon Hartman
1265,"Bejoy Nambiar, Priyadarshan, Karthik Narain, Vasanth Sai, Karthik Subbaraj, Arvind Swamy, Rathindran R Prasad, Sarjun, Gautham Vasudev Menon"
1266,David Oelhoffen
1267,Ramesh Sippy
1268,"Vir Das, Ajay Bhuyan"
1269,"Josh Z. Weinstein, Joshua Z. Weinstein"
1270,Chung Mong-hong
1271,Johnny Breedt
1272,César Rodrigues
1273,Alex Díaz
1274,Just Philippot
1275,Quek Shio-chuan
1276,"Pablo Stoll, Juan Pablo Rebella"
1277,Krysia Plonka
1278,Madhumita
1279,Debamitra Biswal
1280,David Lynch
1281,Sofia Coppola
1282,"Kirk DeMicco, Brandon Jeffords"
1283,Tyler Perry
1284,Caryn Waechter
1285,Tim Hill
1286,Numa Perrier
1287,Brian Helgeland
1288,Yoshiyuki Momose
1289,Danny Boyle
1290,Rima Das
1291,Paco Plaza
1292,Andrew Goth
1293,William Kaufman
1294,"David Benioff, D.B. Weiss"
1295,"Cavi Borges, Luciano Vidigal"
1296,Steve Boettcher
1297,Mikhil Musale
1298,Tom Green
1299,Alejandro Doria
1300,David Lowery
1301,Maria Ripoll
1302,Yibrán Asuad
1303,Laura Fairrie
1304,Edwin
1305,Vadim Jean
1306,"Mark A.Z. Dippé, Kyung Ho Lee"
1307,"Mark A.Z. Dippé, Eondeok Han"
1308,Marcelo Piñeyro
1309,Mark A.Z. Dippé
1310,Michael Simon
1311,John A. Davis
1312,Justin Webster
1313,Izu Ojukwu
1314,Tetsuo Yajima
1315,John Lyde
1316,Steve Rash
1317,Ravi Babu
1318,Soumitra Ranade
1319,Peter Winther
1320,Jon Rosenbaum
1321,Bruce Leddy
1322,Susan Lacy
1323,Yuki Yamato
1324,Andrew Wessels
1325,Emir Kusturica
1326,Odunlade Adekola
1327,Elisa Fuksas
1328,Lee Toland Krieger
1329,"Akiyuki Shinbo, Nobuyuki Takeuchi"
1330,"Ashwiny Iyer Tiwari, Abhishek Chaubey, Saket Chaudhary"
1331,Ron Oliver
1332,"Shojiro Nishimi, Guillaume Renard"
1333,J.D. Dillard
1334,Pepe Bojórquez
1335,Rhys Thomas
1336,David M. Rosenthal
1337,Billy Corben
1338,Louise Alston
1339,Sunkanmi Adebayo
1340,Falz
1341,Frank Rajah Arase
1342,Fernando Meirelles
1343,Rodrigo Reyes
1344,Mark Lewis
1345,Sebastian DiNatale
1346,"Nuhash Humayun, Syed Ahmed Shawki, Rahat Rahman, Robiul Alam Robi, Golam Kibria Farooki, Mir Mukarram Hossain, Tanvir Ahsan, Mahmudul Islam, Abdullah Al Noor, Krishnendu Chattopadhyay, Syed Saleh Ahmed Sobhan"
1347,Karan Anshuman
1348,Farhan Akhtar
1349,Zoya Akhtar
1350,Mrighdeep Singh Lamba
1351,Tsutomu Mizushima
1352,Reema Kagti
1353,Jadesola Osiberu
1354,Vijay Lalwani
1355,Abhishek Kapoor
1356,James Mangold
1357,Michael Bay
1358,Robert O. Peters
1359,Bunmi Ajakaiye
1360,Biodun Stephen
1361,Ding-Lin Wang
1362,Richard vant Riet
1363,Shonali Bose
1364,Chineze Anyaene
1365,Lance Bangs
1366,Robbie Countryman
1367,Trey Edward Shults
1368,Sujeeth
1369,Alexandre Avancini
1370,Hsu Fu-chun
1371,Noah Baumbach
1372,Atsuko Ishizuka
1373,Eric Aghimien
1374,Michel Tikhomiroff
1375,"Robert Kenner, Taki Oldham"
1376,Kristine Stolakis
1377,John Schultz
1378,Linda Mendoza
1379,Michelle Johnston
1380,"Eva Müller, Michael Schmitt"
1381,Vijay Kumar Arora
1382,Matt Shakman
1383,Mikhail Red
1384,Pankaj Batra
1385,Serge Ou
1386,Navaniat Singh
1387,Gaurav Bavdankar
1388,Jagdeep Sidhu
1389,Tanawat Aiemjinda
1390,Mukesh Vohra
1391,"Syrine Boulanouar, Nekfeu"
1392,Tudor Giurgiu
1393,"Luis Ara, Ignacio Jaunsolo"
1394,Abhishek Sharma
1395,Mati Diop
1396,Jérémy Clapin
1397,Mandla Dube
1398,Mike Ezuruonye
1399,Cheta Chukwu
1400,Roger Russell
1401,Toka McBaror
1402,Edward Zwick
1403,Basava Shankar Eeday
1404,"Elle-Máijá Tailfeathers, Kathleen Hepburn"
1405,Sanjiv Jaiswal
1406,"Marta Jaenes, Rosa Márquez"
1407,Julien Abraham
1408,Monika Mitchell
1409,Eva Orner
1410,KVR Mahendra
1411,Juan Carlos Rulfo
1412,Raj R
1413,Steve Paley
1414,Brian Levant
1415,Timo Vuorensola
1416,Robb Dipple
1417,Eli Roth
1418,Wash Westmoreland
1419,Alessandro Angulo
1420,Mauro Scandolari
1421,Arjun Jandyala
1422,"Shashanka Ghosh, Samit Basu"
1423,Rod Daniel
1424,Naoko Yamada
1425,Sergio Pablos
1426,Valli Bindana
1427,Robert Zemeckis
1428,Makoto Shinkai
1429,Gautier & Leduc
1430,Todor Chapkanov
1431,Christopher Storer
1432,Josh Aronson
1433,Luke Snellin
1434,Xavier Durringer
1435,Pawan Kumar
1436,Phillip Youmans
1437,Zhang Yimou
1438,Neal Brennan
1439,Azazel Jacobs
1440,Jung Ji-woo
1441,"Phil Lord, Christopher Miller"
1442,Matt DAvella
1443,Parthiban
1444,Scott McAboy
1445,"Raymie Muzquiz, Stu Livingston"
1446,Joe Menendez
1447,Eric Bross
1448,Will Eisenberg
1449,Marina Seresesky
1450,Kenny Leon
1451,Harvey Lowry
1452,James Dearden
1453,"Drea Cooper, Zackary Canepari"
1454,Ernie Barbarash
1455,Michael A. Nickles
1456,John Hughes
1457,Blayne Weaver
1458,David Michôd
1459,Marco Bonfanti
1460,Justin Baldoni
1461,Everardo González
1462,"Rodrigo Guardiola, Gabriel Cruz Rivas"
1463,Juani Libonatti
1464,DJ Chen
1465,Park Joon-hwa
1466,Joe Roth
1467,Saravana Rajendran
1468,Matt Kay
1469,Craig Brewer
1470,Billy Lyons
1471,Michael Steed
1472,Mark Helfrich
1473,Zak Hilditch
1474,Michael Steiner
1475,Andrew Slater
1476,"Glen Goei, Gavin Yap"
1477,Huw Cordey
1478,Yuen Woo-ping
1479,Gillian Robespierre
1480,Thomas Vinterberg
1481,Ciarán Foy
1482,"Mag Hsu, Hsu Chih-yen"
1483,Daniel Sánchez Arévalo
1484,Don Omope
1485,Ed Perkins
1486,Christopher Nolan
1487,Steven Soderbergh
1488,Udai Singh Pawar
1489,Guntur Soeharjanto
1490,Bassam Tariq
1491,Leslie Iwerks
1492,Kim Joo-hyung
1493,Louie Psihoyos
1494,Ahmet Katıksız
1495,Jean-François Blais
1496,"Leïla Sy, Kery James"
1497,Vince Gilligan
1498,Nick Castle
1499,Bolanle Austen-Peters
1500,Dennis Rovira van Boekholt
1501,Naoto Amazutsumi
1502,Jenny Gage
1503,Howard Zieff
1504,Kaila York
1505,Vandana Kataria
1506,Onur Bilgetay
1507,Vincenzo Natali
1508,Tugçe Soysop
1509,"Jacob Joice, Steve Ball"
1510,David Feiss
1511,Luis Javier Henaine
1512,Anand Kamalakar
1513,Lee Yoon-jung
1514,Roy Poortmans
1515,Vrinda Samartha
1516,David Gordon Green
1517,Nicholaus Goossen
1518,"Stig Bergqvist, Paul Demeyer"
1519,"Igor Kovalyov, Norton Virgien"
1520,Danny Cannon
1521,Jorge Blanco
1522,Mana Yasuda
1523,Gupse Özay
1524,Jim Mickle
1525,"Jumpei Mizusaki, Koji Morimoto, Michael Arias, Masaru Matsumoto, Arthell Isom, Henry Thurlow, Takanobu Mizuno, Elsa Nakamichi, Hajime Sasaki, Shinji Takagi"
1526,Mangesh Hadawale
1527,Wong Kar Wai
1528,Zara Hayes
1529,Otilia Portillo Padua
1530,B. V. Nandini Reddy
1531,Michael J. Bassett
1532,Rahul Ravindran
1533,Archie Borders
1534,Deepti Naval
1535,Scott Aukerman
1536,Mariano Barroso
1537,"Kiko Cruz Claverol, Patricia Font"
1538,Clint Eastwood
1539,Sandeep Reddy Vanga
1540,Manny Rodriguez
1541,Tom Donahue
1542,Randall Lobb
1543,Alex Stapleton
1544,Trey Parker
1545,Teng Huatao
1546,Nzingha Stewart
1547,Kelly Fremon Craig
1548,Orlando von Einsiedel
1549,Anubhav Sinha
1550,Maha Venkatesh
1551,Tharun Bhascker
1552,Şenol Sönmez
1553,Farhan Alam
1554,A. L. Vijay
1555,Petra Costa
1556,Tom Elkins
1557,Hayato Date
1558,"Petra Costa, Lea Glob"
1559,"Rémy Four, Julien War"
1560,Tony Scott
1561,Alejandro Fernández Almendras
1562,Jota Linares
1563,Wagner de Assis
1564,White Trash Tyler
1565,Brad Furman
1566,Stan Lathan
1567,Yeung Yat-Tak
1568,Rai Yuvraj Bains
1569,Sunil Thakur
1570,Muh Chen
1571,Saurabh Sinha
1572,Ashwin Saravanan
1573,Sylvain White
1574,Julia Knowles
1575,Tarsem Singh
1576,Michael Tiddes
1577,Kepa Sojo
1578,Irwin Winkler
1579,"Vikramaditya Motwane, Anurag Kashyap"
1580,"Cho Li, Chen Hung-yi, Weica Wang, Liu Bang-yao, Lin Guan-fu, Shen Chi, YC Tom Lee"
1581,Manu Ashokan
1582,Anita Udeep
1583,Vlad Yudin
1584,Alberto Arnaut Estrada
1585,Daniel Sandu
1586,Robert Moresco
1587,Aadish Keluskar
1588,"Joe Murray, Cosmo Segurson"
1589,Jesse Moss
1590,Garry Marshall
1591,Shin Won-ho
1592,Sujoy Ghosh
1593,John Asher
1594,Alex Burunova
1595,Jesús Torres Torres
1596,Camille Shooshani
1597,Vijay Kumar
1598,Phanindra Narsetti
1599,Gideon Raff
1600,Jorge M. Fontana
1601,Jaume Balagueró
1602,Olivier Afonso
1603,"Karim Amer, Jehane Noujaim"
1604,Jay Chapman
1605,"Jay Karas, Demetri Martin"
1606,Dante Lam
1607,Chi Keung Fung
1608,"Corey Yuen, Patrick Leung"
1609,To-hoi Kong
1610,Frank Ariza
1611,Jerry Seinfeld
1612,Aditya Sarpotdar
1613,Najwa Najjar
1614,Nisheeta Keni
1615,Daniel Gray Longino
1616,Gerardo Olivares
1617,Wi Ding Ho
1618,Thomas Sieben
1619,Joe Lynch
1620,Andreas Pichler
1621,Daniel Arasanz
1622,Selçuk Metin
1623,Spike Jonze
1624,"Marcelo Altmark, Mariano Mucci, Luis A. Scalella"
1625,Hernán Zin
1626,Sittisiri Mongkolsiri
1627,Cédric Jimenez
1628,Robbie Grewal
1629,Thiagarajan Kumararaja
1630,Kate Horne
1631,Roberto Girault Facha
1632,"Alex Díaz, Marcos Bucay"
1633,Svati Chakravarty Bhatkal
1634,Kevin Bray
1635,"Jesse V. Johnson, Jesse Johnson"
1636,"Miguel Cohan, Miguel Cohan"
1637,"Luis Alberto Restrepo, Andrés Beltrán, Jaime Rayo"
1638,Hideaki Anno
1639,"Hideaki Anno, Kazuya Tsurumaki"
1640,Keishi Otomo
1641,"Abhijit Kokate, Srivinay Salian"
1642,Antonin Baudry
1643,Jon Watts
1644,Jakob Lass
1645,"John Haptas, Kristine Samuelson"
1646,David Charhon
1647,Sanjay Jadhav
1648,Vinod Kapri
1649,Elías León
1650,Michelle Bello
1651,Kyle Newacheck
1652,Mark Ritchie
1653,Rocky Soraya
1654,Steven Tsuchida
1655,Federico Veiroj
1656,Isabel Coixet
1657,Grant Sputore
1658,Laxman Utekar
1659,Juan Antin
1660,Hanno Olderdissen
1661,Amar Kaushik
1662,Eva Trobisch
1663,Mathieu Auvray
1664,"Limbert Fabian, Brandon Oldenburg"
1665,Daniel Markowicz
1666,Datta Mohan Bhandare
1667,Sanjib Dey
1668,Cristina Jacob
1669,Daniel Yee Heng Chan
1670,Louie Schwartzberg
1671,Rakeysh Omprakash Mehra
1672,Han Han
1673,Jang Jae-hyun
1674,Sudabeh Mortezai
1675,Richard Shepard
1676,"Mike Diva, Akiva Schaffer"
1677,Trisha Ziff
1678,Vasan Bala
1679,Diego Enrique Osorno
1680,Glen Winter
1681,Pedring A. Lopez
1682,Sam Cullman
1683,Francesco Imperato
1684,Stefon Bristol
1685,Kate Melville
1686,Aditya Vikram Sengupta
1687,Mandie Fletcher
1688,Aijaz Khan
1689,Gonzalo López-Gallego
1690,Abby Epstein
1691,Hepi Mita
1692,Che Sandoval
1693,Jean-Bernard Marlin
1694,Yee Tung-Shing
1695,Patricia Font
1696,Ram Gopal Varma
1697,Yen Cheng-kuo
1698,David Benullo
1699,"Alex Parkinson, Richard da Costa"
1700,Frant Gwo
1701,Hao Wu
1702,Felipe Cano
1703,Gabriela Tagliavini
1704,Lee Jeong-beom
1705,William Bindley
1706,Manav Shah
1707,Michael Epstein
1708,Rachel Lears
1709,Syamsul Yusof
1710,Mangesh Kanthale
1711,Herman Yau
1712,Dar Gai
1713,"Royale Watkins, Rich Schlansker"
1714,Sathyan Anthikad
1715,Brian Oakes
1716,Quentin Tarantino
1717,Bille August
1718,Fab Five Freddie
1719,Sandra Restrepo
1720,George Nolfi
1721,Yuval Adler
1722,Sarthak Dasgupta
1723,Jennifer Kaytin Robinson
1724,Renato De Maria
1725,Alan Rickman
1726,Ulises Valencia
1727,Beyoncé Knowles-Carter
1728,Richard Curtis
1729,Suparn Verma
1730,Anant Balani
1731,Soukarya Ghosal
1732,Leena Yadav
1733,Amitabha Singh
1734,Hasan Karacadağ
1735,Chris Nelson
1736,"Lee Kyoungmi, Yim Pilsung, Jeon Go-woon, Kim Jong-kwan"
1737,John R. Leonetti
1738,Karthik Subbaraj
1739,Jeremiah Jones
1740,Clay Glen
1741,Brie Larson
1742,"Rocky Soraya, Anggy Umbara"
1743,Muzi Mthembu
1744,Shelly Chopra Dhar
1745,Shanjey Kumar Perumal
1746,Tianyu Zhao
1747,Shazia Ali Khan
1748,Erik White
1749,Marcos Bucay
1750,Owen Egerton
1751,"Sam ""Blitz"" Bazawule"
1752,Swapnaneel Jayakar
1753,Kyzza Terrazas
1754,John Lee Hancock
1755,Theo Love
1756,Peter Thorwarth
1757,Awi Suryadi
1758,Raj Babu
1759,Javier Ruiz Caldera
1760,"Chanon Yingyong, Phuwanit Pholdee"
1761,Oriol Paulo
1762,Stuart Sender
1763,Wenn V. Deramas
1764,Joyce Bernal
1765,Maryo J. De los Reyes
1766,"Karan Shivajirao Chavan, Vikram Tanajirao Patil"
1767,Amy Schumer
1768,Richard Loncraine
1769,Pia Sukanya
1770,Yann Gozlan
1771,Lukas Dhont
1772,"Michael Simon, Matthew McNeil"
1773,Frank W Chen
1774,Olivia M. Lamasan
1775,J.C. Chandor
1776,Brian Klein
1777,Augustine Frizzell
1778,"Ibrahim Bin Mohamed, Hasan Aljaberi"
1779,Clark Johnson
1780,Emmanuel Mouret
1781,Conor Allyn
1782,Nuel Naval
1783,Keoni Waxman
1784,Isao Yukisada
1785,A.R. Murugadoss
1786,Fritz Ofner
1787,Nottapon Boonprakob
1788,Xavier Gens
1789,Jonathan A. Rosenbaum
1790,Sidheswar Shukla
1791,Franck Phelizon
1792,Peter Howitt
1793,Chiwetel Ejiofor
1794,"Rodrigo Salomón, Pietro Scappini"
1795,Miguel Ángel Vivas
1796,Carlos Vermut
1797,Sridhar Rangayan
1798,Michael Blieden
1799,Pawan K Shrivastava
1800,Mar Targarona
1801,Aruna Raje
1802,Alex Lehmann
1803,Elisabeth Vogler
1804,Parambrata Chatterjee
1805,Woo Min-ho
1806,Paul Miller
1807,Michael Del Monte
1808,Suseenthiran
1809,Kevin MacDonald
1810,Matt Tyrnauer
1811,Prasanth Varma
1812,Gangadhar Salimath
1813,Daniel J. Clark
1814,Marcelo Galvão
1815,Shanawaz Nellikunnil
1816,Lars Kaalund
1817,Hari Nath
1818,Saket Chaudhary
1819,Tanuja Chandra
1820,"Jackie van Beek, Madeleine Sami"
1821,Sachin Kamlakar Khot
1822,Daniel Monzón
1823,Rayka Zehtabchi
1824,Tom Stern
1825,Kelly Duane de la Vega
1826,Julio Medem
1827,Johnny Kevorkian
1828,Amshan Kumar
1829,"Adam Davis, Jerry Kolber, Trey Nelson, Erich Sturm"
1830,"Hsu Chih-yen, Mag Hsu"
1831,Rick Morales
1832,Michael D. Black
1833,Dan Gilroy
1834,Mamat Khalid
1835,Amarjit Virdi
1836,Nishil Sheth
1837,Byun Hyuk
1838,Zoe Berriatúa
1839,Adam Bhala Lough
1840,Faozan Rizal
1841,Mansore
1842,Kuntz Agus
1843,"Hanung Bramantyo, Meisa Felaroze"
1844,Jerrold Tarog
1845,"Laura Alvea, José Ortuño"
1846,Gastón Duprat
1847,"Andy Caballero, Diego Corsini"
1848,Seren Yüce
1849,Jonathan Helpert
1850,Binayak Das
1851,André DElia
1852,Ivan Ayr
1853,Skye Borgman
1854,Hashim Nadeem Khan
1855,Sarjun
1856,"Arpan Sarkar, Shyamal Chaulia"
1857,Feroz
1858,Syed Atif Ali
1859,Lee Seung-won
1860,Rik Reinholdtsen
1861,Gauravv K Chawla
1862,Bent-Jorgen Perlmutt
1863,Hugo Stuven
1864,Greg Pritikin
1865,"Kobun Shizuno, Hiroyuki Seshita"
1866,Kunal Kohli
1867,Noor Imran Mithu
1868,Nonzee Nimibutr
1869,Ísold Uggadóttir
1870,Lorena Munoz
1871,Genevieve Nnaji
1872,"Terry Gilliam, Terry Jones"
1873,"Rajiv Chilaka, Owll Mina"
1874,Yanyong Kuruaungkoul
1875,Lenin Bharathi
1876,Kunihiko Yuyama
1877,Ranjit Jeyakodi
1878,Ram
1879,John Fortenberry
1880,Chris Bould
1881,"Kevin Booth, David Johndrow"
1882,Paul M. Green
1883,Julio Fernández Talamantes
1884,Walter C. Miller
1885,Noriyuki Abe
1886,Ellen Brown
1887,Matt Askem
1888,Rob Zombie
1889,Álvaro Brechner
1890,Rakesh Mehta
1891,Eduardo Chauvet
1892,Gonzalo Bendala
1893,Noam Murro
1894,Kheiron
1895,Susanne Bier
1896,"Ainsley Gardiner, Briar Grace-Smith"
1897,Irek Dobrowolski
1898,Gilbert Chan
1899,Rarecho
1900,Mahmoud Karim
1901,Steve Cheng
1902,Sam Loh
1903,Jason Lai
1904,Samit Kakkad
1905,"Joel Gallen, Tig Notaro"
1906,Prasobh Vijayan
1907,Sriram Raghavan
1908,Kyohei Ishiguro
1909,"Elaine Bogan, John Sanford"
1910,Michael Cuesta
1911,David Cronenberg
1912,Thom Zimny
1913,James Marsh
1914,Sean Olson
1915,Sigrid Andrea Bernardo
1916,Jeannot Szwarc
1917,Guillermo de Oliveira
1918,Manoj Beedha
1919,Alfonso Cuarón
1920,"John Hoffman, Nanfu Wang"
1921,Marco Risi
1922,Anne Fletcher
1923,Marek Losey
1924,Andy Serkis
1925,Mat King
1926,Jacob Joice
1927,Bert Marcus
1928,Ahsan Rahim
1929,"Johane Matte, Andrew L. Schmidt, Francisco Ruiz Velasco"
1930,Andrew Lau Wai-Keung
1931,Cheang Pou Soi
1932,Enrique García Meza
1933,Katarina Launing
1934,Johnnie To
1935,Lawrence Cheng
1936,Prakash Balwant Saini
1937,Nam Ron
1938,Morgan Ingari
1939,Baljit Singh Deo
1940,"Leung Lok Man, Luk Kim-ching"
1941,Jazz Boon
1942,Felix Chong
1943,Dhanush
1944,Gary Mak
1945,Liu Jiang
1946,"Joseduardo Giordano, Sergio Goyri Jr."
1947,Alice Rohrwacher
1948,Nandita Das
1949,Romain Gavras
1950,Sebastián Hofmann
1951,"Denny Lu, Mike Myhre"
1952,Abdulaziz Alshlahei
1953,Clay Kaytis
1954,Fernando Colomo
1955,Robert Vince
1956,Raditya Dika
1957,David Paul Meyer
1958,Edward Drake
1959,Daniel Goldhaber
1960,Fred Cavayé
1961,"Joel Coen, Ethan Coen"
1962,V C Abhilash
1963,Kathryn Fasegha
1964,Nila Madhab Panda
1965,Timo Tjahjanto
1966,Nakul Singh Sawhney
1967,"Nishanth Ravindaran, Jathin Sanker Raj"
1968,Swapna Waghmare Joshi
1969,"Aitor Arregi, Jon Garaño"
1970,Erik Matti
1971,Christopher Guest
1972,Joe Alves
1973,"Sita Likitvanichkul, Jetarin Ratanaserikiat, Apirak Samudkitpaisan, Thanabodee Uawithya, Adirek Wattaleela"
1974,Vincent Kok
1975,Christian Zübert
1976,David Mackenzie
1977,Tejas Prabha Vijay Deoskar
1978,Matheus Souza
1979,Sara Dosa
1980,Bradley Walsh
1981,Orson Welles
1982,Leigh Janiak
1983,Morgan Neville
1984,Indrajit Nattoji
1985,Raj Kumar Gupta
1986,Remo DSouza
1987,Arnab Chaudhuri
1988,Rana Ranbir
1989,"Priyadarshan, Kookie V. Gulati"
1990,Vivek Agnihotri
1991,Habib Faisal
1992,Bobby Roth
1993,Halder Gomes
1994,Amitoj Mann
1995,Luis Estrada
1996,B. Unnikrishnan
1997,Madhur Bhandarkar
1998,Sajid Khan
1999,Saji Surendran
2000,Ksshitij Chaudhary
2001,Sundar C.
2002,Gary Binkow
2003,Nikhil Advani
2004,Garrett Bradley
2005,Navinder Pal Singh
2006,Kunal Deshmukh
2007,R. Kannan
2008,Gaurav Narayanan
2009,Kevin Layne
2010,Jennifer M. Kroot
2011,Akin Omotoso
2012,Dani de la Torre
2013,Colin Trevorrow
2014,Tinge Krishnan
2015,Aleksey German
2016,Sergio Barrejón
2017,Sandi Tan
2018,Vijay Yelakanti
2019,Bill Condon
2020,S.S. Rajamouli
2021,"Joanna Lombardi, Bruno Ascenzo"
2022,Kim Jee-woon
2023,Rajesh Touchriver
2024,Joseph Sargent
2025,David Slade
2026,David Lam
2027,Thiru
2028,Tom Forrest
2029,Anik Datta
2030,Shaad Ali
2031,Gareth Evans
2032,Paul Urkijo Alijo
2033,Johanna Demetrakas
2034,Padraic McKinley
2035,Rizal Mantovani
2036,Kief Davidson
2037,Catherine Hardwicke
2038,Paul Greengrass
2039,"Rusty Cundieff, Darin Scott"
2040,Kabir Bhatia
2041,Chris Eigeman
2042,Hadrah Daeng Ratu
2043,Olaf de Fleur
2044,Tamara Jenkins
2045,Kavi Raz
2046,Nick Simon
2047,"Eric Idle, Aubrey Powell"
2048,Anthony Giordano
2049,Will Yapp
2050,Eric Idle
2051,"Terry Hughes, Ian MacNaughton"
2052,"Roger Graef, James Rogan"
2053,Tommy Chong
2054,Terry Jones
2055,Ian MacNaughton
2056,Albert Sharpe
2057,Simranjit Singh Hundal
2058,Fred Ouro Preto
2059,N. Linguswamy
2060,Deep Joshi
2061,Manjeet Maan
2062,Shagufta Rafique
2063,Tinu Pappachan
2064,Amarpreet G S Chabbra
2065,Paresh Mokashi
2066,Rohit Jugraj
2067,Atharv Baluja
2068,Vishal Bhardwaj
2069,Shashanka Ghosh
2070,Puneet Sira
2071,Mayye Zayed
2072,Aziz Mirza
2073,Sameer Sharma
2074,Chandan Arora
2075,Rajan Madhav
2076,Raaghav Dar
2077,Alessandra de Rossi
2078,Ishi Rudell
2079,David Lee Miller
2080,Amit Saxena
2081,Jaivi Dhanda
2082,Suman Ghosh
2083,Kabir Khan
2084,Akshay Akkineni
2085,Tyler Greco
2086,Nidhi Sharma
2087,"Mastan Alibhai Burmawalla, Abbas Alibhai Burmawalla"
2088,Vipin Parashar
2089,Vikram Pradhan
2090,Vijay
2091,"Ash Brannon, Chris Buck"
2092,Sartaj Singh Pannu
2093,Ayaan Mukherji
2094,Sidharth Malhotra
2095,Saket Behl
2096,Anjum Shahzad
2097,Ken Kwapis
2098,Monique Gardenberg
2099,Han Yan
2100,Alaa Eddine Aljem
2101,Jeremy Saulnier
2102,Kim A. Snyder
2103,"Álvaro Longoria, Gerardo Olivares"
2104,Anthony Byrne
2105,"Rashida Jones, Alan Hicks"
2106,"Roberto De Feo, Paolo Strippoli"
2107,Ariel Vromen
2108,Nicole Holofcener
2109,Alessio Cremonini
2110,Navot Papushado
2111,Joram Lürsen
2112,Madeleine Gavin
2113,"Kevin R. Adams, Joe Ksander"
2114,Ian Samuels
2115,Franck Ribière
2116,Peter Ho
2117,Qaushiq Mukherjee
2118,Onir
2119,Jatla Siddartha
2120,Kanwal Sethi
2121,Samuel Jouy
2122,Manuel Alcalá
2123,Shivam Nair
2124,Jordan Brady
2125,Todd Biermann
2126,Patrick Graham
2127,Mike Clattenburg
2128,Han Qing
2129,Ricardo Trogi
2130,Ashwiny Iyer Tiwari
2131,Atlee Kumar
2132,Ravi Udyawar
2133,R. Balki
2134,Shree Narayan Singh
2135,Manuel Martín Cuenca
2136,Susan Johnson
2137,Daniel Espinosa
2138,Semi Chellas
2139,Y. Joon Chung
2140,Rucha Humnabadkar
2141,Mike Newell
2142,Jake Szymanski
2143,Abhishek Varman
2144,Sabir Khan
2145,Nikhil Nagesh Bhat
2146,"Xiaoxing Yi, Yoshitaka Takeuchi, Haoling Li"
2147,Lauren Miller Rogen
2148,"Akay Mason, Abosi Ogba"
2149,"Vikas Bahl, Nitesh Tiwari"
2150,Khalid Mohamed
2151,Sanjay Leela Bhansali
2152,Prem Soni
2153,Prabhu Deva
2154,Mandeep Kumar
2155,Viridiana Lieberman
2156,"Jesse Handsher, Olivier Roland"
2157,Pablo Giorgelli
2158,Ted Emery
2159,Tony Datis
2160,Nima Nourizadeh
2161,"Raúl Campos, Jan Suter"
2162,Ben Young
2163,Kirby Dick
2164,Daniel Růžička
2165,Chris Jenkins
2166,Alexis Morante
2167,Juraj Šajmovič
2168,Diego Cohen
2169,Lee Eung-bok
2170,Jody Hill
2171,Samu Fuentes
2172,Alexandre Espigares
2173,Scott L. Montoya
2174,Sam Voutas
2175,Raj Kaushal
2176,"Bo Burnham, Christopher Storer"
2177,K.C. Bokadia
2178,Samir Soni
2179,Juan Antonio de la Riva
2180,"Bert Marcus, Cyrus Saidi"
2181,Shlok Sharma
2182,Yayo Herrero
2183,Matt Palmer
2184,Femi D. Ogunsanwo
2185,Rodrigo Triana
2186,Elaine McMillion Sheldon
2187,Federico DAlessandro
2188,Seiji Mizushima
2189,Myriam Aziza
2190,Douglas Attal
2191,Gerard Barrett
2192,Rene Liu
2193,"Madeleine Parry, Jon Olb"
2194,"Zoya Akhtar, Karan Johar, Anurag Kashyap, Dibakar Banerjee"
2195,Oded Raz
2196,"Mariana Tschudi, Héctor Gálvez"
2197,Ramón Salazar
2198,Eduardo Mendoza de Echave
2199,Craig Johnson
2200,Jeffrey Walker
2201,Shadab Khan
2202,Nattawut Poonpiriya
2203,Felix Starck
2204,Norberto López Amado
2205,Alex Richanbach
2206,Tig Notaro
2207,Brit McAdams
2208,Avi Federgreen
2209,Mercedes Cordova
2210,Hayao Miyazaki
2211,"Anthony Abrams, Adam Larson Broder"
2212,"Trey Borzillieri, Barbara Schroeder"
2213,"Jericca Cleland, Kevin Munroe"
2214,Bobcat Goldthwait
2215,Dani Levy
2216,Sonny Mallhi
2217,Andrew Niccol
2218,Isabelle Nanty
2219,"Rob Epstein, Jeffrey Friedman"
2220,Antonio Morabito
2221,Rene Bueno
2222,John Woo
2223,Patricia Ferreira
2224,Jimmy Henderson
2225,Devashish Makhija
2226,Amal Neerad
2227,"Fluvio Iannuci, Roly Santos"
2228,Julius R. Nasso
2229,Lucas Figueroa
2230,Alex Timbers
2231,Alfonso Rodríguez
2232,"Guillermo Garcia, David Cantolla"
2233,Ahmed Siddiqui
2234,Priyadarshan
2235,Dito Montiel
2236,Vicente Villanueva
2237,Amit Roy
2238,Teddy Lussi-Modeste
2239,Dawn Porter
2240,Ben Shelton
2241,Curro Velázquez
2242,Robert Smigel
2243,Max Amini
2244,"Jason Sussberg, David Alvarado"
2245,"Célia Catunda, Kiko Mistrorigo, Rodrigo Eba"
2246,Sang-ho Yeon
2247,Hallie Meyers-Shyer
2248,Andy Fickman
2249,Olivia Milch
2250,Mark Raso
2251,"David Sington, Heather Walsh"
2252,Pedro Coutinho
2253,Joshua Marston
2254,Scott Speer
2255,Eleonore Pourriat
2256,Peter Webber
2257,Peter Orton
2258,Marja Lewis Ryan
2259,Ryan Koo
2260,Hatem Khraiche
2261,Derek Peck
2262,Jennifer Morrison
2263,Hèctor Hernández Vicens
2264,Kader Aoun
2265,Abhay Chopra
2266,Diego Lerman
2267,Farah Khan
2268,Ananda Krishnan
2269,Amol Palekar
2270,Joe Miale
2271,Tolulope Itegboje
2272,Olivia Newman
2273,Jared Stern
2274,Lennart Ruff
2275,Dan Lucchesi
2276,Camille Delamarre
2277,Mijke de Jong
2278,Daryl Hannah
2279,Michael Larnell
2280,Advait Chandan
2281,Brandon Camp
2282,Alison Klayman
2283,Yoo Byung-jae
2284,Sunao Katabuchi
2285,Johan Brisinger
2286,Maria Sadowska
2287,Yang Woo-seok
2288,Pascal Atuma
2289,John L. Spencer
2290,Victor Cook
2291,Kazuya Murata
2292,Martin Zandvliet
2293,Uraaz Bahl
2294,"Paul Solet, Rick Benattar"
2295,Ben Wallis
2296,Robin Aubert
2297,Mitch Gould
2298,Oleg Trofim
2299,Lars Büchel
2300,Amit Barot
2301,Carlo Padial
2302,"Mike Smith, John Paul Tremblay, Robb Wells"
2303,Milind Dhaimade
2304,Hong-seon Kim
2305,Duncan Jones
2306,Mahmood Ali-Balogun
2307,Hang-Jun Jang
2308,Fumihiko Sori
2309,Mariano Baez
2310,Stephanie Laing
2311,Jan Holoubek
2312,Bo Burnham
2313,Anand Tiwari
2314,"Roberta Grossman, Sophie Sartain"
2315,David Bruckner
2316,Tamta Gabrichidze
2317,Ari Sandel
2318,Julius Onah
2319,Ildiko Enyedi
2320,You-Jeong Chang
2321,Dan Forrer
2322,Selima Taibi
2323,Marty Callner
2324,"Javier Ambrossi, Javier Calvo"
2325,"Anurin Nwunembom, Musing Derrick"
2326,David Wain
2327,Isaac Florentine
2328,Scott Moran
2329,"Santiago Diaz, Pablo Martin Farina"
2330,Christine Luby
2331,Charles Stone III
2332,"Matt Angel, Suzanne Coote"
2333,Chris Baugh
2334,Udoka Oyeka
2335,"Latif Faiziyev, Umesh Mehra"
2336,Rajiv Mehra
2337,Rhiannon Bannenberg
2338,David Mrnka
2339,Maya Forbes
2340,Choi Jin-seong
2341,Milind Rau
2342,Yeo Siew Hua
2343,Mike Flanagan
2344,Craig Elrod
2345,Jose Manuel Colón
2346,Yasuhiro Irie
2347,Alethea Jones
2348,Jay Baruchel
2349,Ludovic Bernard
2350,Noël Wells
2351,Patrick Brice
2352,Daniel Kontur
2353,David Ayer
2354,Diego Kaplan
2355,"Marco Deufemia, Justin G. Dyck"
2356,Lydia Tenaglia
2357,Varun Narvekar
2358,Seth Henrikson
2359,Benson Lee
2360,Umesh Mehra
2361,Drew Heriot
2362,Joel Crawford
2363,Michael Barrett
2364,"Evan Spiridellis, Jeff Gill"
2365,Leopoldo Aguilar
2366,"Nana Ekvtimishvili, Simon Gross"
2367,Olivier Jean-Marie
2368,"Myles Kane, Josh Koury"
2369,Shreyas Talpade
2370,Jon Alpert
2371,Ibai Abad
2372,"Barbra Streisand, Jim Gable"
2373,Josh Wakely
2374,Jacob Kornbluth
2375,Alain Desrochers
2376,Go Koga
2377,Christian Charles
2378,Bronwen Hughes
2379,John Ridley
2380,Pali Yahya
2381,Alo Sarkar
2382,Iñaki Dorronsoro
2383,"Ali Bin Matar, Ibrahim Bin Mohamed"
2384,Ali Samadi Ahadi
2385,D Ho
2386,Judah Friedlander
2387,Errol Morris
2388,Alex Israel
2389,Toshiya Shinohara
2390,Griffin Dunne
2391,Katherine Dieckmann
2392,"Heidi Ewing, Rachel Grady"
2393,Jeremy Rush
2394,Reem Kherici
2395,Ranjit Tiwari
2396,David Stubbs
2397,Shakti Samanta
2398,Mahmoud al Massad
2399,Yesim Ustaoglu
2400,Jan Suter
2401,Lucy Cohen
2402,Mahmoud Sabbagh
2403,Borja Cobeaga
2404,David France
2405,Brandon Jones
2406,Geun-hyun Cho
2407,Carlos Therón
2408,Francesco Carrozzini
2409,Karen J. Lloyd
2410,Vibeke Idsøe
2411,"Carlos Algara, Alejandro Martinez-Beltran"
2412,Jacob LaMendola
2413,Ritesh Batra
2414,Dylan Howitt
2415,Nabil Ayouch
2416,Louis J. Horvitz
2417,Warren P. Sonoda
2418,Álex de la Iglesia
2419,Chris Moukarbel
2420,Ana Lily Amirpour
2421,Michael Bonfiglio
2422,Yance Ford
2423,Fernando Lebrija
2424,"Rodrigo Toro, Francisco Schultz"
2425,José Miguel Contreras
2426,"Rajveer Singh Maan, Harpeet Singh"
2427,Toshiyuki Kubooka
2428,Todd S. Yellin
2429,Mohammed Hussain
2430,Eli Craig
2431,Shammi Kapoor
2432,Florian Schnell
2433,"Josh Izenberg, Wynn Padula"
2434,"Gastón Duprat, Mariano Cohn"
2435,Gary Wang
2436,Raz Degan
2437,Israel Adrián Caetano
2438,"Mariano Cohn, Gastón Duprat"
2439,Sarah Adina Smith
2440,Cate Shortland
2441,Adam Wingard
2442,"Saw Teong Hin, Nik Amir Mustapha, M.S. Prem Nath"
2443,"Daniel Lindsay, T.J. Martin"
2444,Tommy Wirkola
2445,Peter Hutchings
2446,Jean-Claude La Marre
2447,Jorge Hernandez Aldana
2448,Will Canon
2449,Rob Silvestri
2450,Matthias Hoene
2451,Bryan Fogel
2452,Fabrice Du Welz
2453,John Butler
2454,Ali Scher
2455,Maz Jobrani
2456,Isaac Rentz
2457,Christopher Murray
2458,Claude Lelouch
2459,Vanessa Roth
2460,Jim Strouse
2461,Kasper Collin
2462,Fazila Allana
2463,Eric Abrams
2464,Agustí Villaronga
2465,Harry Chaskin
2466,Marti Noxon
2467,Stefan Brogren
2468,Pat Healy
2469,Nicolas Brossette
2470,Serdar Akar
2471,Lekh Tandon
2472,Doesjka van Hoogdalem
2473,Sushil Majumdar
2474,Geetu Mohandas
2475,Paulo Oriol
2476,Oskar Santos
2477,Bong Joon Ho
2478,Bill DElia
2479,Justin Kelly
2480,Brian Knappenberger
2481,Pramod Pawar
2482,Brent Bonacorso
2483,Nitesh Tiwari
2484,"Roy Burdine, Johnny Castuciano"
2485,Jay Bulger
2486,"Kip Andersen, Keegan Kuhn"
2487,Iginio Straffi
2488,Naresh Saigal
2489,Arun Chidambaram
2490,Caio Cobra
2491,Cal Seville
2492,Michael John Warren
2493,Chang-Min Lee
2494,Oren Uziel
2495,Manika Sharma
2496,"Timo Tjahjanto, Kimo Stamboel"
2497,Jun-seong Kim
2498,Edward Cotterill
2499,Onur Tukel
2500,Jayaprakash Radhakrishnan
2501,Rob Meyer
2502,Anita Barbosa
2503,Ketan Mehta
2504,Daniel Wilner
2505,Alberto Rodríguez
2506,Joe Piscatella
2507,Rahul Dholakia
2508,Jean-Patrick Benes
2509,Hiroyuki Seshita
2510,"Lygia Barbosa da Silva, Eliane Brum"
2511,Kundan Shah
2512,So Yong Kim
2513,Alina Teodorescu
2514,Filip Renc
2515,Andy Tennant
2516,"Dylan Bank, Daniel DiMauro, Morgan Pehme"
2517,Sean Foley
2518,Pierre Coré
2519,Liz Plonka
2520,Jeff Garlin
2521,"Jan Suter, Raúl Campos"
2522,Michael Barnett
2523,Jessica Yu
2524,K. Rajagopal
2525,Praveen Nischol
2526,Lucien Jean-Baptiste
2527,Sean Cisterna
2528,Sudhanshu Saria
2529,Dilip Mehta
2530,"Isaki Lacuesta, Isa Campo"
2531,Kitty Green
2532,Evan Katz
2533,Gauri Shinde
2534,Oliver Schmitz
2535,"Felix Herngren, Måns Herngren"
2536,"Jill Bauer, Ronna Gradus, Rashida Jones"
2537,Fernando Coimbra
2538,Adam Leon
2539,Neri Parenti
2540,Andrea Molaioli
2541,Marie Madinier
2542,Miguel Ángel Lamata
2543,Steven Brill
2544,Antonio Serrano
2545,"Grant S. Johnson, Ippsie Jones"
2546,Joe Swanberg
2547,Louis C.K.
2548,Alexandre Reinecke
2549,Jamal Hill
2550,K. Ramanlal
2551,Maris Curran
2552,Avinash Arun
2553,Jason Spingarn-Koff
2554,A. Salaam
2555,Eduardo Casanova
2556,Daniel Burman
2557,Kike Maíllo
2558,Laurent Bouzereau
2559,Gordon Anderson
2560,Charlie McDowell
2561,Meghan OHara
2562,Tommy OHaver
2563,Lonny Price
2564,Sydney Freeland
2565,Jung-woo Park
2566,Kim Tae-hyung
2567,James Ivory
2568,Santosh Sivan
2569,Erik Canuel
2570,"Peter Middleton, James Spinney"
2571,Shashilal K. Nair
2572,Marcel Barrena
2573,"Michael Spierig, Peter Spierig"
2574,Gerard McMurray
2575,Selvamani Selvaraj
2576,"Seth Barrish, Mike Birbiglia"
2577,Lô Politi
2578,Tomas Portella
2579,Macon Blair
2580,Keith Scholey
2581,Juan Pablo Buscarini
2582,Thomas Stuber
2583,"Sam Dunn, Scot McFadyen"
2584,Raúl Arévalo
2585,Matías Bize
2586,Michael Paul Stephenson
2587,Colin Dench
2588,Matt Ogens
2589,Ricky Gervais
2590,"Joachim Fest, Christian Herrendoerfer"
2591,"Scott Aukerman, Akiva Schaffer"
2592,Malik Vitthal
2593,Jay Roach
2594,Joaquín Mazón
2595,Jonás Trueba
2596,Peter DeLuise
2597,Alejandra Márquez Abella
2598,Sébastien Betbeder
2599,Adam Randall
2600,Marco Dutra
2601,Mario Rouleau
2602,Aniruddha Roy Chowdhury
2603,Chester Tam
2604,Hannes Stöhr
2605,Andreas Prochaska
2606,Maximilian Erlenwein
2607,Burhan Qurbani
2608,Hubert Woroniecki
2609,Alistair Legrand
2610,Mir-Jean Bou Chaaya
2611,Jeannie Gaffigan
2612,Babak Anvari
2613,Emily Hagins
2614,Greg Richardson
2615,Uwe Boll
2616,Mitch Schauer
2617,Rohit Mittal
2618,"Steve Hickner, Simon J. Smith"
2619,Diego Luna
2620,Jorge Michel Grau
2621,"Riki Lindhome, Jeremy Konner"
2622,Vikram Gandhi
2623,Sean Hanish
2624,Sinan Akkuş
2625,Matt Bell
2626,James Hawes
2627,Elite Zexer
2628,Frank Marshall
2629,James Yukich
2630,Nic Mathieu
2631,Chris Kelly
2632,Roman Gackowski
2633,Benjamin Dickinson
2634,Sacha Wolff
2635,Adam Nimoy
2636,Elizabeth Wood
2637,Robert McCullough Jr.
2638,Shrihari Sathe
2639,Ralph Macchio
2640,Ricardo Maldonado
2641,Masahiko Murata
2642,Victor Vu
2643,Vetrimaaran
2644,Linas Phillips
2645,Jeff Margolis
2646,Bauddhayan Mukherji
2647,María Jose Cuevas
2648,Chow Hin Yeung Roy
2649,Chris Sparling
2650,"Jan Suter, Raúl Campos Delgado"
2651,"Shannon Hartman, Michelle Caputo"
2652,Houda Benyamina
2653,Volker Weicker
2654,Manjeet Singh
2655,Jeff Wadlow
2656,Lorene Machado
2657,"Kief Davidson, Richard Ladkani"
2658,Richard Mears
2659,Joel Hopkins
2660,Moto Sakakibara
2661,Emilio Martínez Lázaro
2662,Osgood Perkins
2663,Werner Herzog
2664,"John Stevenson, Mark Osborne"
2665,Julien Rambaldi
2666,Yvan Attal
2667,Benjamin Weill
2668,Roger Gual
2669,Thomas Sorriaux
2670,Jennifer Yuh Nelson
2671,Clovis Cornillac
2672,Jonathan Demme
2673,Dave Higby
2674,Greg Berlanti
2675,Richie Smyth
2676,Riccardo Pilizzeri
2677,Guilherme Fontes
2678,Aamir Bashir
2679,Garth Davis
2680,David Schalko
2681,Pieter Kuijpers
2682,Prashant Nair
2683,"Paul Taublieb, Jon Freeman"
2684,Riccardo Milani
2685,"Rod Blackhurst, Brian McGinn"
2686,Rob Marshall
2687,Tony Elliott
2688,Dan Krauss
2689,Hajime Kamegaki
2690,Martin Brest
2691,Shuko Murase
2692,Christopher Louie
2693,Justin Krook
2694,Michael Drumm
2695,Paul W.S. Anderson
2696,Alex Coletti
2697,John Smithson
2698,Christopher Martin
2699,Tom Whitter
2700,Sian Heder
2701,Karl Mueller
2702,Allan Ungar
2703,Tensai Okamura
2704,"Hemant Gaba, Pratim D. Gupta, Sudhish Kamath, Nalan Kumarasamy, Anu Menon, Sandeep Mohan, Qaushiq Mukherjee, Rajshree Ojha, Raja Sen, Abhinav Shiv Tiwari, Suparn Verma"
2705,Ivan Reitman
2706,Rob Burnett
2707,Joel Gallen
2708,Jon Greenhalgh
2709,"Felix Van Groeningen, Felix van Groeningen"
2710,Rodolphe Guenoden
2711,Jason Krawczyk
2712,Claire McCarthy
2713,Sam Wrench
2714,"Sophie Robinson, Lotje Sodderland"
2715,John Lee
2716,Yuen Wo-Ping
2717,Mary Lambert
2718,Alik Sakharov
2719,L. Frazier
2720,"Sidharta Tata, Aco Tenriyagelli, Dian Sastrowardoyo, Ifa Isfansyah, Jason Iskandar"
2721,Frank Coraci
2722,"Gary Howsam, Mike Smith, John Paul Tremblay, Robb Wells"
2723,Kristin Hanggi
2724,J. Davis
2725,"Chris Buck, Jennifer Lee, Patrick Osborne, Lauren MacMullan, John Kahrs, Nathan Greno, Byron Howard, Stevie Wermers, Dean Wellins, Kevin Deters, Roger Allers, Mike Gabriel, Mark Henn"
2726,Andrew Bujalski
2727,Adam Dubin
2728,Cary Joji Fukunaga
2729,"Aaron Hann, Mario Miscione"
2730,Evgeny Afineevsky
2731,Trevor Nunn
2732,"Kristina Goolsby, Ashley York"
2733,Phil Joanou
2734,Anthony Pierce
2735,Jennifer Phang
2736,"Jill Bauer, Ronna Gradus"
2737,Mike Fleiss
2738,Aziz Ansari
2739,David Sampliner
2740,"Katy Chevigny, Ross Kauffman"
2741,Wyatt Cenac
2742,Jim Field Smith
2743,"Luis Lopez, Clay Tweel"
2744,"Robert Nixon, Fisher Stevens"
2745,Greg Whiteley
2746,Jehane Noujaim
2747,Jason Moore
2748,Josh Greenbaum
2749,"Will Lovelace, Dylan Southern"
2750,Chris Koch
2751,Constance Marks
2752,Larry Elikann
2753,Robert Markowitz
2754,Eric Laneuville
2755,Joel Oliansky
2756,Roy Campanella II
2757,Arthur Allan Seidelman
2758,John Herzfeld
2759,J.J. Abrams
2760,Buzz Kulik
2761,Richard Michaels
2762,Linda Otto
2763,Roger Young
2764,"Rob LaDuca, Robert C. Ramirez"
2765,Icíar Bollaín
2766,Joe Dante
2767,Ole Bornedal
2768,Sorin Dan Mihalcescu
2769,Shane Acker
2770,Kevin Reynolds
2771,Shravan Kumar
2772,Vijay Milton
2773,Santwana Bardoloi
2774,Atanu Ghosh
2775,"Lyric R. Cabral, David Felix Sutcliffe"
2776,Michael Margolis
2777,Michael Kennedy
2778,Óskar Thór Axelsson
2779,Karyn Kusama
2780,Adam McKay
2781,Adam Deyoe
2782,Leif Tilden
2783,Melinda Janko
2784,Sam Upton
2785,Victor Zarcoff
2786,Daniel Stamm
2787,Anton Corbijn
2788,Daniel Lee
2789,"Scott Hussion, Seth Fuller"
2790,Richard Donner
2791,Burr Steers
2792,David Marmor
2793,Raymond Wood
2794,Hasraf Dulull
2795,Robin Bissell
2796,Mike Mills
2797,"Jon Lucas, Scott Moore"
2798,Joey Curtis
2799,Brian Smrz
2800,Nicanor Loreti
2801,Simon Napier-Bell
2802,Betty Thomas
2803,Gaby Dellal
2804,Iman Brotoseno
2805,Shazia Javed
2806,Hani Hamdi
2807,Ruben Fleischer
2808,Maciej Dejczer
2809,Jack C. Newell
2810,Andrew Nackman
2811,Anggy Umbara
2812,Victor Levin
2813,John G. Avildsen
2814,Jonathan Levine
2815,Toa Fraser
2816,Bharat Jain
2817,Trent Haaga
2818,Nizar Shafi
2819,"Meenu Gaur, Farjad Nabi"
2820,Padmakumar Narasimhamurthy
2821,Richard Attenborough
2822,Stanley Kubrick
2823,Stephen Gyllenhaal
2824,Tom Fassaert
2825,Mark Williams
2826,Roman Coppola
2827,Erik Nelson
2828,Teo Konuralp
2829,Jim Fall
2830,Andy Goddard
2831,Chris Bell
2832,"Christopher S. Rech, Brandon Kimber"
2833,Alan Parker
2834,Michael Lennox
2835,Kees Van Oostrum
2836,Henry Sarwer-Foner
2837,Ishaan Trivedi
2838,Asghar Farhadi
2839,Maria Burton
2840,Walter Hill
2841,Natalie Portman
2842,Martin Lawrence
2843,Adam Shankman
2844,Gregory Caruso
2845,Rusty Nixon
2846,Oliver Daly
2847,Ömer Faruk Sorak
2848,Midhun Manuel Thomas
2849,Chandrakant Kulkarni
2850,Uttung Shelar
2851,Bryan Bertino
2852,"Jung-ah Im, Seung-uk Jo"
2853,Chad Van De Keere
2854,"Chris Weitz, Paul Weitz"
2855,Daniela Goggi
2856,Alfonso Serrano Maturino
2857,Julien Christian Lutz
2858,Julie Taymor
2859,"Mike McCoy, Scott Waugh"
2860,Brett Donowho
2861,Phil Alden Robinson
2862,Thierry Donard
2863,Anne Fontaine
2864,Sandeep Chatterjee
2865,Kyle Rideout
2866,Bryce Wagoner
2867,Brittany Andrews
2868,Nicolás López
2869,Florian Henckel von Donnersmarck
2870,Terry Loane
2871,Biswajeet Bora
2872,Len Wiseman
2873,Castille Landon
2874,"Gervasio Iglesias, Alexis Morante"
2875,J. Michael Long
2876,Sean McNamara
2877,Susan Glatzer
2878,Eva Vives
2879,"Don Bluth, Gary Goldman, Dan Kuenster"
2880,Víctor García
2881,Charlie Vaughn
2882,"Måns Mårlind, Björn Stein"
2883,Chris Blake
2884,Matthew Hope
2885,Vincent Perez
2886,Lee Tamahori
2887,Richard Rich
2888,Greg Kohs
2889,Trey Haley
2890,Patrick Tatopoulos
2891,Atul Malhotra
2892,Manmohan Desai
2893,Khaled Youssef
2894,Charlie Siskel
2895,Sam Mendes
2896,Brendon Marotta
2897,Barak Goodman
2898,Sharon Grimberg
2899,Mark Zwonitzer
2900,Wilson Coneybeare
2901,Sarik Andreasyan
2902,Tony Kaye
2903,Andrea Arnold
2904,Nick Davis
2905,Mary Harron
2906,Jerry G. Angelo
2907,Vincent Ward
2908,Asif Kapadia
2909,Karan Bali
2910,Don Bluth
2911,"Phil Nibbelink, Simon Wells"
2912,Larry Latham
2913,Perry Lang
2914,"Ismail Farouk, Hazem Fouda"
2915,Gregory Nava
2916,Avinash Das
2917,Carlos Marques-Marcet
2918,Tim Blake Nelson
2919,Luis Mandoki
2920,Pan Nalin
2921,Sohail Tatari
2922,Paul Serafini
2923,Juan Zapata
2924,Sherif Ismail
2925,Anirban Majumder
2926,Ken Barbet
2927,Manish Jha
2928,"David Salzberg, Christian Tureaud"
2929,"J.F. Musial, Josh Vietze"
2930,"Christian Desmares, Franck Ekinci"
2931,Christopher Chambers
2932,Khaled El Halafawy
2933,Nia Dinata
2934,Jason Winer
2935,Sarah Smith
2936,James L. Brooks
2937,Matt Thompson
2938,John Murlowski
2939,Sung-soo Kim
2940,Mike Nicoll
2941,Jason Stone
2942,Mez Tharatorn
2943,"David Morris, Jacqui Morris"
2944,"Fabrizio Copano, Augusto Matte"
2945,Mike Rossiter
2946,Hirotsugu Kawasaki
2947,Jameel Buari
2948,Gabe Ibáñez
2949,"Anthony Russo, Joe Russo"
2950,Levan Tsikurishvili
2951,Ajay Bahl
2952,Çagan Irmak
2953,Alejandro G. Iñárritu
2954,Shikha Makan
2955,José Eduardo Belmonte
2956,Adam MacDonald
2957,Dave Patten
2958,Michael Petroni
2959,David Chirchirillo
2960,Salima Koroma
2961,"Sumitra Bhave, Sunil Sukthankar"
2962,Justin Lee
2963,Shen Leping
2964,Simon Wells
2965,Phil Weinstein
2966,Haissam Hussain
2967,Zoe Lister-Jones
2968,"Aaron Nee, Adam Nee"
2969,Tanit Jitnukul
2970,Matt Aselton
2971,Manop Janjarasskul
2972,Adisorn Tresirikasem
2973,Jordi Llompart
2974,Raja Menon
2975,Matthew Salleh
2976,Adam Wood
2977,Zeke Norton
2978,"Andrew Tan, Michael Goguen"
2979,Jose Javier Reyes
2980,William Lau
2981,Ezekiel Norton
2982,"Conrad Helten, Ezekiel Norton, Michael Goguen"
2983,Kyle Newman
2984,Esteban Vidal
2985,Jakub Piątek
2986,Dava Whisenant
2987,Hrishikesh Mukherjee
2988,Sagar Sarhadi
2989,Lilibet Foster
2990,Joshua Caldwell
2991,"Volker Arzt, Angelika Sigl"
2992,Mel Smith
2993,Mike Judge
2994,Bruce W. Smith
2995,"Agasyah Karim, Khalid Kashogi"
2996,John Dower
2997,Julian Jarrold
2998,Fisher Stevens
2999,Keiko Yagi
3000,Katherine Fairfax Wright
3001,Rajeev Chaudhari
3002,Anthony Wonke
3003,April Mullen
3004,Adam Marino
3005,Joe Camp
3006,Tamer Bassiouni
3007,Ted Braun
3008,Dharmesh Darshan
3009,Sushrut Jain
3010,Majid Majidi
3011,Toshiyuki Tsuru
3012,B. T Thomas
3013,Jasbir Bijendra Bhati
3014,Joey Kern
3015,Scott Martin
3016,Kaspar Astrup Schröder
3017,Andrew Dominik
3018,Nick Broomfield
3019,Stephen Daldry
3020,"Vonda Harrell, Daniel Camenisch"
3021,Indrasis Acharya
3022,"Gajendra Ahire, Viju Mane, Girish Mohite, Ravi Jadhav"
3023,Emanuel Hoss-Desmarais
3024,Marianna Palka
3025,Ham Tran
3026,Miguel Conde
3027,Supavitra Babul
3028,Mark Harris
3029,Jesse Gustafson
3030,Martin Hodara
3031,Nibal Arakji
3032,Gabriela Cowperthwaite
3033,Daniel Alfredson
3034,Ethan Hawke
3035,Ben Younger
3036,Deane Taylor
3037,July Hygreck
3038,Jean-François Richet
3039,Ted Demme
3040,Abdellatif Kechiche
3041,Sofie Šustková
3042,Woody Allen
3043,Lev L. Spiro
3044,Les Mayfield
3045,Derek Cianfrance
3046,Jeremy Kenyon Lockyer Corbell
3047,Jay Surridge
3048,Anissa Bonnefont
3049,Elvira Lind
3050,Raj Kapoor
3051,"Gabriel Clarke, Torquil Jones"
3052,Brendan Byrne
3053,"Geoffrey Orthwein, Andrew Sullivan"
3054,"Byron Howard, Chris Williams"
3055,Alexandra Dean
3056,Jelle de Jonge
3057,Arthur Penn
3058,Bahij Hojeij
3059,Kaizad Gustad
3060,"Gary Cohen, Ross Hockrow"
3061,Gayane Petrosyan
3062,Richard Sears
3063,Alê Abreu
3064,Chris Stokes
3065,Jonathan Hensleigh
3066,Michael Doneger
3067,Cecilia Peck
3068,Jody Lambert
3069,Simon Baker
3070,Rian Johnson
3071,Robert Adetuyi
3072,"Srijit Mukherji, Vasan Bala, Abhishek Chaubey"
3073,Lu Yang
3074,Vivieno Caldinelli
3075,Mike Wiluan
3076,Andreas Johnsen
3077,David McCracken
3078,Steve Antin
3079,Jon Manning
3080,Lee Chang-dong
3081,"Cary Murnion, Jonathan Milott"
3082,Daniel Mann
3083,Daniele Thompson
3084,Travis Zariwny
3085,Néstor Sánchez Sotelo
3086,Asim Abbasi
3087,Carlos Bolado
3088,Scott Marshall Smith
3089,Lisa Arnold
3090,Peter Sattler
3091,"Harry Elfont, Deborah Kaplan"
3092,Bernard Rose
3093,Justin Pemberton
3094,Noushad
3095,Mark OConnor
3096,Chito S. Roño
3097,Todd Haynes
3098,Brian De Palma
3099,Matt Piedmont
3100,Wong Jing
3101,Richard Brooks
3102,"Aaron Hancox, Michael McNamara"
3103,Henrik Martin Dahlsbakken
3104,Shivendra Singh Dungarpur
3105,Nicholas Hytner
3106,Harry Baweja
3107,Justin P. Lange
3108,Aatmaram Dharne
3109,Umer Adil
3110,Arne Birkenstock
3111,Dianne Dreyer
3112,Garin Nugroho
3113,John Curran
3114,"Charles A. Nichols, Iwao Takamoto"
3115,Kimmy Gatewood
3116,Kevin Smith
3117,"Wong Jing, Jason Kwan"
3118,John Scheinfeld
3119,Gurvinder Singh
3120,Bradley Parker
3121,Tània Balló
3122,"Sidheswar Shukla, Asit Mohapatra"
3123,"Asit Mohapatra, Shyamal Chaulia"
3124,"Shyamal Chaulia, Asit Mohapatra"
3125,"Rajiv Chilaka, Binayak Das"
3126,Anuranjan Premji
3127,Mark Dindal
3128,Tom Holland
3129,Tan Bing
3130,Luis Lopez
3131,Bedabrata Pain
3132,Ken Hughes
3133,Atom Egoyan
3134,Andrew Sandler
3135,Corbin Bernsen
3136,Marita Grabiak
3137,Gary Wheeler
3138,Marc Forster
3139,Mohsin Ali
3140,Paul Weitz
3141,"Fernando Meirelles, Katia Lund"
3142,Pete Travis
3143,Nick Mead
3144,Louis Leterrier
3145,Gregory Hoblit
3146,Eric Stoltz
3147,Jack Starrett
3148,David Yarovesky
3149,Anurin Nwunembom
3150,Chris Perkel
3151,John Crowley
3152,"Lilly Wachowski, Lana Wachowski, Tom Tykwer"
3153,Matt Reeves
3154,Jayme Monjardim
3155,Thomas Carter
3156,Vishal Mishra
3157,Saurav Palodhi
3158,Florian Gallenberger
3159,Zack Whedon
3160,Kingsley Ogoro
3161,Robert Kenner
3162,Craig Goodwill
3163,"Jesse Adang, Syrine Boulanouar"
3164,Van M. Pham
3165,Gavin Fitzgerald
3166,Abdul Aziz Hashad
3167,Stuart Rosenberg
3168,Ben Steele
3169,Henry Selick
3170,Jason Bourque
3171,"Micah Bickham, Galley Molina"
3172,Kranti Kanade
3173,Ang Lee
3174,Don Mancini
3175,Zachary Heinzerling
3176,Chandrakant Kanse
3177,Gary David Goldberg
3178,Steve Carr
3179,Amara Cash
3180,Pablo Parés
3181,Johnson Esthappan
3182,Raj Amit Kumar
3183,Jean-Marc Vallée
3184,Philipp Eichholtz
3185,Brendan Toller
3186,Agnidev Chatterjee
3187,Alexandros Avranas
3188,Prawal Raman
3189,Parveen Kumar
3190,Julie Dash
3191,Amman Abbasi
3192,"Dylan Haegens, Bas van Teylingen"
3193,"Noah Baumbach, Jake Paltrow"
3194,Tom Edmunds
3195,Tanveer Khan
3196,Danny J. Boyle
3197,Demetri Martin
3198,Tanuj Bhramar
3199,Jason Priestley
3200,Neil LaBute
3201,Harrison Smith
3202,Clay Porter
3203,"Ken Burns, Artemis Joukowsky"
3204,Dennis Iliadis
3205,Camilla Nielsson
3206,Christian Gudegast
3207,Frederick Cipoletti
3208,Sam Patton
3209,Mohamed Samy
3210,Christopher Smith
3211,Michael Feifer
3212,Saara Cantell
3213,Clay Staub
3214,Hark Tsui
3215,Ben Ryder
3216,Benoît Jacquot
3217,Chia-Liang Liu
3218,Todd Standing
3219,Benjamin Arfmann
3220,David Lean
3221,Paul Schrader
3222,Philip Marlatt
3223,Charles Martin Smith
3224,"Mahin Ibrahim, Austin Kolodney, Will Lowell, David Beier, Dave Dorsey, Xu Zhang, Alana Waksman, Jon YonKondy, Drue Metz, Brandon Somerhalder"
3225,Jared Hess
3226,Troy Nixey
3227,Caradog W. James
3228,Daniel Gordon
3229,Mike Birbiglia
3230,Andrzej Bartkowiak
3231,John Patrick Shanley
3232,M.J. Isakson
3233,Bo Welch
3234,"Scott Mosier, Yarrow Cheney"
3235,Rob Cohen
3236,Colin Teague
3237,Doug Lefler
3238,Patrik Syversen
3239,Greg MacGillivray
3240,Tristan Ferland Milewski
3241,Fernando Moro
3242,Reiner Holzemer
3243,Afia Nathaniel
3244,Eeshwar Nivas
3245,Emma Hatherley
3246,Dave Green
3247,Anthony Lucero
3248,Will Gluck
3249,Bruce Gowers
3250,Ajithkumar
3251,Harjit Singh
3252,Ivan Andrew Payawal
3253,Philipp Stölzl
3254,Federico Lemos
3255,Bassam Kurdali
3256,John Bridcut
3257,Sebastian Gutierrez
3258,"Fabien Beziat, Hugues Nancy"
3259,"Hugues Nancy, Fabien Beziat"
3260,Nils Tavernier
3261,Jon Spira
3262,Michael Thelin
3263,Riri Riza
3264,Neil Triffett
3265,Greg Coolidge
3266,Ajay Phansekar
3267,Denis Villeneuve
3268,Jenny Carchman
3269,Jason James
3270,Robert Clouse
3271,Kurt Wimmer
3272,Wojciech Marczewski
3273,Marcelo González
3274,Valeria Golino
3275,"Yoshiyuki Tomino, Yoshikazu Yasuhiko"
3276,Robi Michael
3277,Alex Garland
3278,James Lee
3279,Stuart Baird
3280,"Anders Sømme Hammer, Marius Arnesen, Klaus Erik Okstad, Olav Njaastad"
3281,Michael Whitton
3282,Joseph Mbah
3283,Yoshiyuki Tomino
3284,Benny Fine
3285,Matt Toronto
3286,"Sedat Kirtan, Kubilay Sarikaya"
3287,Keith L. Smith
3288,Nagraj Manjule
3289,Shadi Ali
3290,Ian Barber
3291,Terry Gilliam
3292,Norman Jewison
3293,Biyi Bandele
3294,Luke Jurevicius
3295,Ari Levinson
3296,Tony Zierra
3297,James Wong
3298,David R. Ellis
3299,Gianfranco Rosi
3300,Sabal Singh Shekawat
3301,Arthur Muhammad
3302,Nirpal Bhogal
3303,Keith Malloy
3304,Andrew Renzi
3305,Gerry Blaksley
3306,Cheh Chang
3307,Marc Abraham
3308,"Kang Cheng, Shan Hua"
3309,Asri Bendacha
3310,Juan Manuel Cotelo
3311,"Mark Helenowski, Kevin Pang"
3312,Dean Wright
3313,Mark Murphy
3314,Richard Miron
3315,"Jon Carey, Adam Darke"
3316,Fred M. Wilcox
3317,Maya Zinshtein
3318,Lee Fulkerson
3319,Seth Gordon
3320,Trudie Styler
3321,Marc Levin
3322,"Wade Allain-Marcus, Jesse Allain-Marcus"
3323,Jude Okwudiafor Johnson
3324,Marcus Nispel
3325,Simon Verhoeven
3326,Heber Cannon
3327,Alastair Fothergill
3328,Courtney Hunt
3329,Bob Rose
3330,Le Van Kiet
3331,Adam Del Giudice
3332,Hoyt Yeatman
3333,Simon Frederick
3334,Fellipe Barbosa
3335,Pavel Parkhomenko
3336,Lucky Kuswandi
3337,Ifa Isfansyah
3338,Rudy Soedjarwo
3339,Hiroshi Katagiri
3340,Manbhavan Singh
3341,P.K. Baaburaaj
3342,David Grossman
3343,Guy Vasilovich
3344,Michihito Fujii
3345,Nicholas Stoller
3346,David Silberg
3347,Rich Ragsdale
3348,"Kazuchika Kise, Masahiko Murata"
3349,Kazuchika Kise
3350,Partho Ghosh
3351,"Vincente Minnelli, Charles Walters"
3352,Sally Potter
3353,Brett Whitcomb
3354,Harold Cronk
3355,"Jedd Wider, Todd Wider"
3356,Gordon Chan
3357,Michael Mason
3358,Francis Lee
3359,Takuya Inaba
3360,Sam de Jong
3361,Ivan Sen
3362,Mark Landre Gould
3363,Neslihan Yesilyurt
3364,Chris McCoy
3365,Wendy Jo Carlton
3366,Tarek Abdel Moaty
3367,Henrik Ruben Genz
3368,Justin Chon
3369,Robert Altman
3370,Mathieu Kassovitz
3371,Ananth Narayan Mahadevan
3372,Tanuj Chopra
3373,Nanette Burstein
3374,"Hanns-Bruno Kammertöns, Vanessa Nöcker, Michael Wech"
3375,Eric Juhola
3376,Anjali Nayar
3377,James Woodroffe
3378,Ali Taner Baltacı
3379,"Shinji Aramaki, Mamoru Oshii, Hideki Futamura, Toshiyuki Kanno, Tomoki Kyoda, Koichi Mashimo, Yasushi Muraki, Daisuke Nishio, Frank OConnor, Koji Sawai, Joseph Chou, Hiroshi Yamazaki"
3380,Ian Kirby
3381,Satish Kaushik
3382,John Irvin
3383,Akram Farouk
3384,Johnny Martin
3385,Tim Van Someren
3386,"Joe Dietsch, Louie Gibson"
3387,Luis Javier M. Henaine
3388,"Robert Osman, Nathanael Wiseman"
3389,Ilya Naishuller
3390,"Jon Hurwitz, Hayden Schlossberg"
3391,Danny Leiner
3392,Daniel Raim
3393,Ah Loong
3394,Ron Davis
3395,"Justin Bare, Matthew Miele"
3396,Jon Schnitzer
3397,Brant Sersen
3398,Eddie Martin
3399,Andrew C. Erin
3400,Quinn Lasher
3401,Elle Callahan
3402,Ana Kokkinos
3403,Kelly Noonan
3404,Soudade Kaadan
3405,David Mirkin
3406,Huang Jianming
3407,"Tom Gianas, Ross R. Shuman"
3408,Christel Gibson
3409,Rod Blackhurst
3410,Corey Yuen
3411,Timothy Woodward Jr.
3412,Shawn Arranha
3413,Liu Jie
3414,Scott Hicks
3415,Lucy van Beek
3416,Jennifer Lynch
3417,Vishnu Govindhan
3418,Daniel Ablin
3419,Asim Raza
3420,"Ali Taner Baltacı, Cem Yılmaz"
3421,Neil Armfield
3422,"Anthony Scott Burns, Nicholas McCarthy, Adam Egypt Mortimer, Gary Shore, Kevin Smith, Sarah Adina Smith, Scott Stewart, Kevin Kolsch, Dennis Widmyer"
3423,Will Allen
3424,Note Chern-Yim
3425,Rakshith Thirthahalli
3426,Anindya Chatterjee
3427,Bille Woodruff
3428,Mike Disa
3429,Sudip Bandyopadhyay
3430,Brodje Wemboendja
3431,Alexandre Aja
3432,"Robert Cullen, José Luis Ucha"
3433,Ayush Raina
3434,Marty Stalker
3435,Scott Cooper
3436,Michael Polish
3437,Max McGill
3438,Akiva Schaffer
3439,Janusz Majewski
3440,Genndy Tartakovsky
3441,Mark Tonderai
3442,Sandy Chronopoulos
3443,Ziga Virc
3444,Tom ODell
3445,Ken Marino
3446,Lionel C. Martin
3447,Jerry Rothwell
3448,Jocelyn Moorhouse
3449,Marie Clements
3450,Cal Saville
3451,Amar Gupte
3452,"Sam Liu, Frank Paur"
3453,Raj Kanwar
3454,Drew Casson
3455,Jonathan Mostow
3456,David O. Russell
3457,Matt Kugelman
3458,Gabriel Grieco
3459,"Benjamin Turner, Gabe Turner"
3460,Mary Mazzio
3461,Laura VanZee Taylor
3462,Feng Xiaogang
3463,Adam Sjöberg
3464,Chuck Russell
3465,Douglas McGrath
3466,Maria Demeshkina Peek
3467,Ken Loach
3468,Achille Brice
3469,Steve Race
3470,Brett Harvey
3471,Law Wing-cheong
3472,Sachin
3473,Tony Leondis
3474,Karey Kirkpatrick
3475,Walerian Borowczyk
3476,Max Jabs
3477,Taron Lexton
3478,Johannes Roberts
3479,Aytaç Ağırlar
3480,Eric Zaragosa
3481,Suman Mukhopadhyay
3482,Jonathan Baker
3483,Elizabeth Chai Vasarhelyi
3484,Brad Bird
3485,Sanjeev Gupta
3486,John Stewart Muller
3487,Luca Vullo
3488,Iain Softley
3489,Sarawut Wichiensarn
3490,K. Subhash
3491,Eugenio Derbez
3492,Michael Gallagher
3493,Patricia Rozema
3494,Ricardo de Montreuil
3495,Charles Officer
3496,John Trengove
3497,Kedar Shinde
3498,Jacob Schwab
3499,Leo Riley
3500,V. K. Prakash
3501,Manish Tiwary
3502,Ismail Farouk
3503,Zatella Beatty
3504,Young Jun Lee
3505,"Mathias Malzieu, Stéphane Berla"
3506,"Harvey Glazer, Stuart Stone"
3507,Stuart Orme
3508,Dustin Nguyen
3509,Peter Chelsom
3510,Azfar Jafri
3511,Gerry Hoban
3512,C. Fitz
3513,Michael Lockshin
3514,Joe Boyd
3515,David Gelb
3516,Radhu Karmakar
3517,John Edginton
3518,Ashim Ahluwalia
3519,Andrew Stanton
3520,Bill Oliver
3521,Toby Haynes
3522,Amardeep Singh Gill
3523,Susannah Heath-Eves
3524,Nora Ephron
3525,Salim Akil
3526,Phil Morrison
3527,"Lana Wachowski, Lilly Wachowski"
3528,Kathryn Bigelow
3529,Sanjay Gupta
3530,Kranti Redkar
3531,Tinnu Anand
3532,Jijo Pancode
3533,Pa. Ranjith
3534,Buta Singh
3535,"Roger Allers, Gaëtan Brizzi, Paul Brizzi, Joan C. Gratz, Mohammed Saeed Harib, Tomm Moore, Nina Paley, Bill Plympton, Joann Sfar, Michael Socha"
3536,Pooja Bhatt
3537,Rupert Jones
3538,Dhilip Kumar
3539,Francine Parker
3540,Sai Paranjape
3541,Alphonso J. Wesson
3542,Vineeth Anil
3543,Ken Burns
3544,"Leslie Small, Tim Story"
3545,Lori Kaye
3546,Subhash Ghai
3547,Daniel Schechter
3548,"Surya S.J., Sunil Kumar Agrawal"
3549,Sudipto Roy
3550,John Stockwell
3551,David A. Vargas
3552,Steven Gomez
3553,Frédéric Tonolli
3554,Paul Tanter
3555,Attila Till
3556,Paul Katis
3557,Felix Thompson
3558,Jeffrey W. Byrd
3559,Steve Greenwood
3560,"Peter Farrelly, Bobby Farrelly"
3561,Deniz Gamze Ergüven
3562,Woo Ming Jin
3563,"Frank Capra, Joris Ivens"
3564,Alex Proyas
3565,Jonathan Taylor
3566,"Joachim Rønning, Espen Sandberg"
3567,Gulzar
3568,Hans Petter Moland
3569,"Munjal Shroff, Tilak Shetty"
3570,David Zeiger
3571,Tilak Shetty
3572,Oliver Blackburn
3573,William H. Macy
3574,Remy Kohli
3575,Stephen Chow
3576,Andrés Couturier
3577,Tim Johnson
3578,Stanley Tong
3579,Suresh Pillai
3580,Yusuf Pirhasan
3581,Devin Chanda
3582,Samir Karnik
3583,"Leandro Mark, Nicolás Silbert"
3584,Giulio Base
3585,Alejandro Lozano
3586,Syed Ahmad Afzal
3587,Sopon Sukdapisit
3588,Chris Nahon
3589,R. Ellis Frazier
3590,"Joe Berlinger, Bruce Sinofsky"
3591,Jaki Bradley
3592,Kazuaki Kiriya
3593,Massy Tadjedin
3594,"Damien Piscarel, Florent Bodin"
3595,Emmanuel Amara
3596,Anand Tucker
3597,Roy Allen Smith
3598,Ron Myrick
3599,"Ian Cheney, Sharon Shattuck"
3600,B.N. Shajeer Sha
3601,Vic Armstrong
3602,Zack Snyder
3603,Yang Lei
3604,"Andrew Tan, Stephen Murray"
3605,"Anders Falck, Stinus Morell Vithner"
3606,Mario Cambi
3607,"Pascal Blanchard, Sonia Dauger, David Dietz"
3608,John Huston
3609,Onur Ünlü
3610,Jenna Laurenzo
3611,Justin McConnell
3612,Kevin Peeples
3613,Alfonso Arau
3614,Karim El Sobky
3615,Ellen Weissbrod
3616,Hua Shan
3617,Tim Bartley
3618,Robyn Butler
3619,Ira Sachs
3620,Zach Clark
3621,Nick Gomez
3622,Guy Ritchie
3623,Steven Knight
3624,"James Mather, Steve Saint Leger"
3625,"Fernando Sariñana, José Luis Gutiérrez"
3626,Michael Anderson
3627,Jakob Verbruggen
3628,"Jennifer Baichwal, Nicholas de Pencier"
3629,Sze Yu Lau
3630,David Wnendt
3631,Ignacio López Escrivá
3632,Sarah Moshman
3633,Charneice Fox
3634,Saandeep Patel
3635,Steven Fine
3636,Ahmad Samir Farag
3637,Sridhar Jetty
3638,Christian Ditter
3639,Alma Harel
3640,Katherine Brooks
3641,Ana Quiroga
3642,Prabhakaran
3643,"Radhika Rao, Vinay Sapru"
3644,Prabhuraj
3645,Ticoy Rodriguez
3646,Jayan Vannery
3647,Pratim D. Gupta
3648,Dylan C. Brown
3649,Debaloy Dey
3650,George Miller
3651,Manjari Makijany
3652,"Callie Khouri, Jesse V. Johnson"
3653,Jim Monaco
3654,Chun Wong
3655,Ben Patterson
3656,Aaron Burns
3657,Luc Vinciguerra
3658,Jay Oliva
3659,Benjamin Ree
3660,Amaan Khan
3661,Li Pei-Chuan
3662,Sameer Vidwans
3663,Michael Winnick
3664,Keanu Reeves
3665,Ben Palmer
3666,Tathagata Banerjee
3667,John Upchurch
3668,Tom OBrien
3669,Michael Roberts
3670,Chris Appelhans
3671,Rahat Kazmi
3672,Clive Tonge
3673,Nathan Landeg
3674,Pulkit
3675,Everardo Gout
3676,David Raynr
3677,David Batty
3678,Deepika Narayan Bhardwaj
3679,Eric Drath
3680,"Leo Riley, Eric Radomski"
3681,Hiromasa Yonebayashi
3682,Lara Saba
3683,Shekhar Kapur
3684,Ui-seok Jo
3685,Pablo DAlo Abba
3686,"Sudesh Manjrekar, Atul Kale"
3687,Daniel Noah
3688,Philip Yung
3689,"Hassan Hegazy, Shady Ali"
3690,"Bob Hercules, Rita Coburn Whack"
3691,Samuel D. Pollard
3692,"Bao Nhan, Namcito"
3693,Jesús Magaña Vázquez
3694,Nathan Morlando
3695,Mina Shum
3696,Jacek Koprowicz
3697,"Paul Berczeller, Mark Radice"
3698,Binu Ulahhannan
3699,Bob Odenkirk
3700,Shin-yeon Won
3701,"Janet Tobias, Claus Wehlisch"
3702,Barry Sonnenfeld
3703,John Barnard
3704,Santosh Manjrekar
3705,Bharat Nalluri
3706,Gus Van Sant
3707,Anil Thomas
3708,Tariq Alkazim
3709,Gavin OConnor
3710,Keiichi Hara
3711,Liv Ullmann
3712,Kenny Young
3713,Jennifer Siebel Newsom
3714,Barbara Kopple
3715,Julia Hart
3716,David Fairhead
3717,David Blair
3718,Osman Ali
3719,"Anna Boden, Ryan Fleck"
3720,Munish Bhardwaj
3721,Ted Geoghegan
3722,William Monahan
3723,Martin Rosete
3724,Brett Ratner
3725,Ahmed El Gendy
3726,Holger Tappe
3727,Steve Sacks
3728,"Steve Ball, Andrew Duncan"
3729,"William Lau, Sylvain Blais"
3730,Dustin McKenzie
3731,"Victor Dal Chele, Alfred Gimeno"
3732,"Mike Fetterly, Steve Sacks"
3733,"Dan Fraga, William Lau"
3734,"Audu Paden, Eric Radomski"
3735,"Dustin McKenzie, Andrew Duncan, Audu Paden"
3736,"Dustin McKenzie, Steve Sacks"
3737,Rachel Bell
3738,Barry Jenkins
3739,Antoine Bardou-Jacquet
3740,Yulene Olaizola
3741,Jami
3742,Chad Hartigan
3743,Michael Mayer
3744,Avadhoot Gupte
3745,Jennifer Peedom
3746,"Peter Farrelly, Will Graham, Steve Carr, Griffin Dunne, Steve Brill, James Duffy, Jonathan van Tulleken, Elizabeth Banks, Patrik Forsberg, Brett Ratner, Rusty Cundieff, James Gunn"
3747,Tomer Heymann
3748,Anthony Chan
3749,Craig Gillespie
3750,"Alexandre Heboyan, Benoît Philippon"
3751,James Bobin
3752,"Lewis Milestone, Carol Reed"
3753,Bruce McDonald
3754,Waymon Boone
3755,Dash Shaw
3756,Nathaniel Warsh
3757,Alessandro Pepe
3758,Claude Barras
3759,"Ishi Rudell, Jayson Thiessen"
3760,"Jayson Thiessen, Ishi Rudell"
3761,"Siu-hung Chung, Wong Jing"
3762,Nick Cassavetes
3763,Atsajun Sattakovit
3764,Matthew Heineman
3765,Simon Curtis
3766,Moataz El Tony
3767,Sabu Varghese
3768,"Krishna Agazzi, Filippo Gastaldi"
3769,Dennis Bartok
3770,"Ben Bowie, Geoff Luck"
3771,Heidi Saman
3772,Natalia Valdebenito
3773,Sonia Kennebeck
3774,Gene Quintano
3775,Jon Turteltaub
3776,"Roman Atwood, Ben Pluimer"
3777,Chad L. Scheifele
3778,Robert Peters
3779,George Stevens
3780,Josh Webber
3781,Jonathan Clay
3782,Arun Vaidyanathan
3783,Jordana Spiro
3784,Kelly Reichardt
3785,Ally Pankiw
3786,Anthony Bell
3787,Tim Maltby
3788,"Richard Finn, Tim Maltby"
3789,"Kiki Goshay, Jacqueline Monetta"
3790,George Ford
3791,Rushmore DeNooyer
3792,Martin Gorst
3793,Giulia Clark
3794,Sarah Holt
3795,Terri Randall
3796,Doug Hamilton
3797,Peter Fison
3798,Graham Townsley
3799,"Paula Apsell, Kirk Wolfinger"
3800,Oliver Twinch
3801,Llewellyn M. Smith
3802,Daniel McCabe
3803,Peter Yost
3804,Tom Stubberfield
3805,"Noel Dockstader, Quinn Kanaly"
3806,Gail Willumsen
3807,Sacha Gervasi
3808,Lesli Linka Glatter
3809,Peter Pardini
3810,Sam Taylor-Johnson
3811,"Dana Doron, Uriel Sinai"
3812,Enrico Bisi
3813,Lee Kae-byeok
3814,Lars von Trier
3815,Mat Whitecross
3816,"Jacques Perrin, Jacques Cluzaud"
3817,Luke Sparke
3818,Lewis Milestone
3819,Nacho G. Velilla
3820,Shawn Crahan
3821,Poj Arnon
3822,Clarence Yiu-leung Fok
3823,Heitor Dhalia
3824,Pradip Kurbah
3825,Charlie Lightening
3826,Simon Rumley
3827,Daniel Benmayor
3828,Banjong Pisanthanakun
3829,Morgan Spurlock
3830,Tim Rouhana
3831,Noah Moskin
3832,Jasmine DSouza
3833,Nicolas Winding Refn
3834,"Bill Guttentag, Michael Ware"
3835,"Roger Allers, Jill Culton"
3836,John H. Lee
3837,Logan Kibens
3838,Chia Tang
3839,Peter McDonnell
3840,Kiran Narayanan
3841,Ben C. Lucas
3842,Jayaraj Rajasekharan Nair
3843,"Mark Franchetti, Andrew Meier"
3844,Anthony Scott Burns
3845,"Adam Collins, Luke Radford"
3846,Paul Spurrier
3847,Helena Bergström
3848,Chandran Narikode
3849,Jorge Granier
3850,Piti Jaturaphat
3851,Amber Tamblyn
3852,Alex Law
3853,"Alejandro De Grazia, Juan Stadler"
3854,Bhagyaraj
3855,Rebecca Addelman
3856,Oren Peli
3857,Gafoor Y. Elliyaas
3858,Jennie Livingston
3859,Myriam Fares
3860,Kevin Hooks
3861,Dileep Narayanan
3862,Chiaki Kon
3863,Paritosh Painter
3864,"Paul Reubens, Wayne Orr"
3865,Mohd Khairul Azri Bin Md Noor
3866,Mark Palansky
3867,J.C. Falcón
3868,C.J. Wallis
3869,James Foley
3870,Tony Stone
3871,Karan Lalit Butani
3872,"Jean-Loup Felicioli, Alain Gagnol"
3873,"Ajay Bhuyan, Kunal Kohli"
3874,"Banjong Pisanthanakun, Paween Purikitpanya, Songyos Sugmakanan, Parkpoom Wongpoom, Visute Poolvoralaks"
3875,Rae Red
3876,Abhishek Saxena
3877,"Dana Nachman, Don Hardy Jr."
3878,Gajendra Ahire
3879,"Oscar Micheaux, Spencer Williams, Richard E. Norman, Richard Maurice"
3880,"Israel Adrián Caetano, Bruno Stagnaro"
3881,Christophe Honoré
3882,Lance Hool
3883,"Daniel Mann, Joseph Sargent"
3884,Jean-Simon Chartier
3885,Wim Wenders
3886,Gabe Klinger
3887,Steve McLean
3888,Nicole Conn
3889,"Charlie Haskell, Koichi Sakamoto"
3890,"Ellen Seidler, Megan Siler"
3891,James Barr
3892,Ashish R. Shukla
3893,Frank Capra
3894,"Chris Bell, Josh Alexander, Greg Young"
3895,Bhavik Thakore
3896,Stephen Cone
3897,Roger Christian
3898,Anurag Singh
3899,Luis Prieto
3900,Michael Tolajian
3901,Richard Correll
3902,Raphael Erichsen
3903,Peter Galison
3904,Hari Viswanath
3905,Manish Gupta
3906,"Jeremy Coon, Tim Skousen"
3907,Ding Sheng
3908,Basu Chatterjee
3909,"Phil Johnston, Rich Moore"
3910,Lance Young
3911,Eric Khoo
3912,Sanjay Dayma
3913,Kim Sung-hoon
3914,Girish Joshi
3915,Amir Mohiuddin
3916,Husam El-Gohari
3917,Leandro Neri
3918,Nicholas Ray
3919,Michael James Regan
3920,Craig Anderson
3921,John Milius
3922,Amitava Bhattacharya
3923,Marina Willer
3924,"Clementine Malpas, Leslie Knott"
3925,Thom Fitzgerald
3926,Andy Capper
3927,Shamyl Othman
3928,Allen Coulter
3929,René Pérez Joglar
3930,"Linda Saffire, Adam Schlesinger"
3931,Vijay Jayapal
3932,"Andrew Lau Wai-Keung, Andrew Loo"
3933,"Jani Lachauer, Jakob Schuh"
3934,Jon Avnet
3935,"Devaki Singh, Luke Kenny"
3936,Amit Rai
3937,Pierfrancesco Diliberto
3938,Nicholas Winter
3939,Sylvester Stallone
3940,Nancy Schwartzman
3941,Mitch Dickman
3942,Harold Becker
3943,Lenny Abrahamson
3944,Matthew Atkinson
3945,"Max Lang, Jani Lachauer"
3946,Shweta Basu Prasad
3947,John Dahl
3948,Jay Chandrasekhar
3949,Atanu Mukherjee
3950,Delhiprasad Deenadayalan
3951,Rob Reiner
3952,Jeeva
3953,David L. Cunningham
3954,Andrew Jenks
3955,Dharmendra Suresh Desai
3956,Alex Infascelli
3957,Raman Kumar
3958,Hakan Yonat
3959,Michael Seater
3960,Balu Mahendra
3961,Ehtesham Uddin
3962,"Kireet Khurana, Padmakumar Narasimhamurthy"
3963,Sanjay Soorkar
3964,Mohamed Hamdy
3965,Partha Chakraborty
3966,K. Gopinathan
3967,"Bruce MacDonald, Gabriel Sabloff"
3968,Rajeev Patil
3969,Glenn Miller
3970,Venugopan
3971,Kamal Sahani
3972,V. Scott Balcerek
3973,Raj N. Sippy
3974,Damon Cardasis
3975,Tade Ogidan
3976,Jeffrey G. Hunt
3977,Kevan Peterson
3978,Dino Risi
3979,Keenen Ivory Wayans
3980,"Hiroshi Aoyama, Kazumi Fukushima, Jim Stenstrum"
3981,Edgar Wright
3982,Wes Craven
3983,Steven Zaillian
3984,Malik Bendjelloul
3985,Dominic Sena
3986,Jay Chou
3987,Scott Spiegel
3988,Billy Ray
3989,Kasia Uscinska
3990,Susannah Ward
3991,Sam Taplin
3992,Vicky Matthews
3993,"Vicky Matthews, Gareth Sacala"
3994,Jessie Nelson
3995,Louise Wardle
3996,Kenneth Müller
3997,Michael Patrick King
3998,Theodore Witcher
3999,Max Martini
4000,Sudesh Manjrekar
4001,Krishna Vamshi
4002,Gurudev Bhalla
4003,Haile Gerima
4004,Samar Khan
4005,Raymond McGrath
4006,"Adele K. Thomas, Richard Bailey"
4007,Richard Bailey
4008,"Jitendra Tiwari, Pranav Singh"
4009,Aurora Guerrero
4010,Destin Daniel Cretton
4011,Barney Clay
4012,Adarsh Eshwarappa
4013,"Banjong Pisanthanakun, Parkpoom Wongpoom"
4014,"Fabio Grassadonia, Antonio Piazza"
4015,Vivek Wagh
4016,M.J. Bassett
4017,Michael Jai White
4018,Jason Cohen
4019,Anil Sharma
4020,Robert Kouba
4021,Dorian Fernández-Moris
4022,Gregg Bishop
4023,Corey Grant
4024,James McTeigue
4025,Ekachai Uekrongtham
4026,Fredric Lean
4027,"Colin Strause, Greg Strause"
4028,Leslye Headland
4029,Joe Nussbaum
4030,Billy Bob Thornton
4031,Takuya Igarashi
4032,John Maclean
4033,Alex Winter
4034,Fred Olen Ray
4035,Jonathan Ignatius Green
4036,Michelle MacLaren
4037,Ian MacAllister-McDonald
4038,Nancy Meyers
4039,Julius Avery
4040,Jeffrey C. Bell
4041,"David Allensworth, Monière"
4042,"Jerry Rothwell, Reuben Atlas"
4043,Sam OSteen
4044,Dan Harris
4045,Mark Sloper
4046,Sam Raimi
4047,"Peter Ramsey, Rodney Rothman, Bob Persichetti"
4048,"David Fairhead, Anthony Palmer"
4049,Tom McCarthy
4050,Harmony Korine
4051,Storm Saulter
4052,Christopher Ray
4053,Adam Alleca
4054,Alison E. Rose
4055,"Ola Flyum, David Hebditch"
4056,Akiva Goldsman
4057,"Arjun Gourisaria, Moinak Biswas"
4058,"Chatchai Katenut, Manussa Vorasingha, Tanwarin Sukkhapisit, Poj Arnon"
4059,Jon J. Whelan
4060,Alex Holmes
4061,Raj B. Shetty
4062,Tomer Eshed
4063,James Sweeney
4064,Rowan Athale
4065,Baz Luhrmann
4066,"Ester Gould, Reijer Zwaan"
4067,Andrew Bergman
4068,Afonso Poyart
4069,J.M. Berrios
4070,Stefano Sollima
4071,Chayanop Boonprakob
4072,Zakariya
4073,Benny Fredman
4074,Saul Dibb
4075,Joseph Cross
4076,Kasper Barfoed
4077,Partho Sen-Gupta
4078,Sumit Das
4079,Kevin Phillips
4080,Greg Mottola
4081,Gordon Parks
4082,Bryan Singer
4083,Bruce McCulloch
4084,Matthew Cooke
4085,"Anthony Caronna, Alexander Smith"
4086,Matt Wechsler
4087,Jamie M. Dagg
4088,"Dan Kwan, Daniel Scheinert"
4089,Derek Yee
4090,Alan Alda
4091,Navneet Behal
4092,Julien Seri
4093,"Chris Buck, Kevin Lima"
4094,Brian Smith
4095,Ryu Jung-woo
4096,Sonia Lowman
4097,John Carchietta
4098,Kevin Munroe
4099,Mika Kaurismäki
4100,Michael Pressman
4101,Steve Barron
4102,Einar Gabbassov
4103,Natalia Garagiola
4104,"Jevons Au, Zune Kwok, Chow Kwun-wai, Ng Ka-Leung, Wong Fei-Pang"
4105,"Yann Arthus-Bertrand, Michael Pitiot"
4106,Sydney Pollack
4107,Damien Leone
4108,Sukhbir Singh
4109,Dheeraj Berry
4110,"Mitzi Vanessa Arreola, Amir Galvan Cervera"
4111,Matthew Shoychet
4112,Lorene Scafaria
4113,Pamela Romanowsky
4114,Geoff Anderson
4115,Esteban Sapir
4116,Jee-woon Kim
4117,Andrew Douglas
4118,Barbra Streisand
4119,"Thurop Van Orman, John Rice"
4120,"Denis Hennelly, Casey Suchan"
4121,Jonathan Sobol
4122,Christian Duguay
4123,André Øvredal
4124,Cedric Nicolas-Troyan
4125,Kurt Voelker
4126,Elliot Hegarty
4127,"Keith Fulton, Louis Pepe"
4128,"Brian M. Conley, Nathan Ives"
4129,John Ford
4130,Tommy Avallone
4131,Rolfe Kanefsky
4132,Philippe Falardeau
4133,"Kevin Ford, Smriti Keshari, Eric Schlosser"
4134,"Albert Hughes, Allen Hughes"
4135,Olivier Loustau
4136,Michael Winterbottom
4137,Richard Kelly
4138,William Brent Bell
4139,Mark Herman
4140,Neil Jordan
4141,Ken Kushner
4142,Nora Twomey
4143,Emma Tammi
4144,Stacy Title
4145,"Graham Phillips, Parker Phillips"
4146,Ofir Raul Graizer
4147,Bumpy
4148,Elliot Silverstein
4149,Sean Menard
4150,Jon Gunn
4151,Tarek Al Eryan
4152,Craig Moss
4153,Magdy Al-Hawwary
4154,Antonio Chavarrías
4155,David Pablos
4156,John Stephenson
4157,Michael Buster
4158,George Ratliff
4159,John Wells
4160,Bob Nelson
4161,Ari Folman
4162,Andrew Fleming
4163,"Kirk De Micco, Chris Sanders"
4164,Marek Piwowski
4165,"Jarrad Paul, Andrew Mogel"
4166,Satish Manwar
4167,"Frank Oz, Jim Henson"
4168,Tariq Khan
4169,"Peter Mortimer, Josh Lowell"
4170,"Cecilia Atán, Valeria Pivato"
4171,Blair Hayes
4172,William Friedkin
4173,"Stephanie Soechtig, Jeremy Seifert"
4174,Bette Gordon
4175,Kieran Darcy-Smith
4176,Robert Berlinger
4177,Paul Andrew Williams
4178,James Ponsoldt
4179,David Frankel
4180,David Leveaux
4181,Michael Samuels
4182,David Sington
4183,Jenée LaMarque
4184,Kevin Johnson
4185,"Coerte Voorhees, John Voorhees"
4186,Rodrigo Van Der Put
4187,Hugh WIlson
4188,Meng Hua Ho
4189,Peter Nicks
4190,Oliver Frampton
4191,Scott Walker
4192,Mario Mattei
4193,"José Larraza, Marc Pons"
4194,Cody Stokes
4195,"Doron Paz, Yoav Paz"
4196,Paul Shoulberg
4197,Kasra Farahani
4198,Gary Sing
4199,Michel Gondry
4200,Michael G. Kehoe
4201,Mickey Liddell
4202,Paco Arango
4203,Maya Gallus
4204,Chad Archibald
4205,"Mark Columbus, Lauren Hoekstra, Sarah Kruchowski, Ryan Moody, Simon Savelyev, Vanita Shastry, Shadae Lamar Smith, Jeremy David White"
4206,Damani Baker
4207,Julio Quintana
4208,Rudradeep Bhattacharjee
4209,Rob W. King
4210,Isaac Ezban
4211,"Philip Einstein Lipski, Jørgen Lerdam, Amalie Næsby Fick"
4212,Frank Oz
4213,"Femi Oyeniran, Kalvadour Peterson"
4214,"Femi Oyeniran, Nicky Slimting Walker"
4215,"Ricky Gervais, Matthew Robinson"
4216,Paween Purijitpanya
4217,Phyllida Lloyd
4218,"Benjamin Cohen, Nicolas Cotto"
4219,Robin Swicord
4220,Karen Moncrieff
4221,Alejandro Agresti
4222,Timothy Reckart
4223,Pieter-Jan De Pue
4224,Gillian Armstrong
4225,Mark Craig
4226,"Dennis Scholl, Kareem Tabsch"
4227,Pablo Faro
4228,Rob Smat
4229,"Blake Harris, Chris Bouchard"
4230,Mark Osborne
4231,Brian OMalley
4232,Jay Lyons
4233,Robert Aldrich
4234,Fred Durst
4235,Joshua Oppenheimer
4236,Peter Jackson
4237,Marco Schnabel
4238,"Robert Cannan, Ross Adam"
4239,Stanisław Różewicz
4240,Letizia Lamartire
4241,Johnny To
4242,Robert Tate
4243,"John Mikulak, Joshua Brown"
4244,"Lilly Wachowski, Lana Wachowski"
4245,"Ken Burns, Christopher Loren Ewers, Erik Ewers"
4246,Park In-je
4247,Ray Jiang
4248,William Wyler
4249,Grant Heslov
4250,Mads Matthiesen
4251,John Banas
4252,Michael Radford
4253,Stuart Heisler
4254,Carly Stone
4255,"Stefan Aust, Dirk Laabs"
4256,"Lasse Hallström, Joe Johnston"
4257,John Duigan
4258,Ben A. Williams
4259,Mimi Leder
4260,Daniel Vernon
4261,Alan J. Pakula
4262,Jean-Pierre Devillers
4263,Stephen Chbosky
4264,Joel Schumacher
4265,Peggy Holmes
4266,Bryan Buckley
4267,"Peter Lord, Jeff Newitt"
4268,Keerthi
4269,"Randall Lobb, Robert McCallum"
4270,Chan-sang Lim
4271,Brian A. Miller
4272,Martha Coolidge
4273,"Ron Clements, John Musker"
4274,Na Hyeon
4275,John Papola
4276,"Grant Korgan, Brian Niles"
4277,Francis Ford Coppola
4278,Miriam Chandy Menacherry
4279,Kevin Derek
4280,Shaina Allen
4281,"Heber Cannon, Mariah Moore, Marston Sawyers"
4282,Alison MacLean
4283,Steve Barker
4284,Dejan Zečević
4285,Hadi El Bagoury
4286,Lone Scherfig
4287,N.D. Wilson
4288,Curtis Hanson
4289,Christian E. Christiansen
4290,Bruce Robinson
4291,Austin Stark
4292,Kristian Levring
4293,"JJC Skillz, Funke Akindele"
4294,Stephen Amezdroz
4295,Chris Renaud
4296,Giancarlo Esposito
4297,"William Eubank, Will Eubank"
4298,Vishwesh Krishnamoorthy
4299,Sunil Soraya
4300,Krzysztof Zanussi
4301,Thomas Meadmore
4302,Kyle Patrick Alvarez
4303,Steven R. Monroe
4304,Cosmo Feilding-Mellen
4305,Stephan Rick
4306,"Will Lockhart, Cole D. Pruitt"
4307,Tobe Hooper
4308,"Mohammed El-Tahawy, Mohamed Mostafa"
4309,Lena Khan
4310,Leanne Gater
4311,Robert Schwentke
4312,"Brendan Malloy, Emmett Malloy"
4313,David Koepp
4314,"Ben Brewer, Alex Brewer"
4315,David Briggs
4316,Kevin Donovan
4317,"Jean-Pierre Dardenne, Luc Dardenne"
4318,Mark Neveldine
4319,"Ken Burns, Lynn Novick"
4320,"Ossama Abu El Atta, Tarek Al Eryan"
4321,Russell Crowe
4322,Jay Russell
4323,Robert Eggers
4324,Kyle Rankin
4325,Neil Rawles
4326,Emil Ben-Shimon
4327,Laurent Cantet
4328,Michael Apted
4329,Victoria Bromley
4330,George Mendeluk
4331,Peter Foott
4332,Uduak-Obong Patrick
4333,Peter Svatek
4334,Saheed Arafath
4335,Charlotte Zwerin
4336,David Shisgall
4337,Derek Hui
4338,Wim Bonte
4339,Raam Reddy
4340,Bin Bunluerit
4341,Benjamin Ross
4342,Stephen Hopkins
4343,Jordan Ross
4344,"William Wyler, John Sturges"
4345,Mohamed Diab
4346,Li Jun
4347,Aditya Kripalani
4348,Steve Loter
4349,Sonny Marler
4350,"Edward Ellis, Flor Salcedo, Aaron Woolf"
4351,Beeban Kidron
4352,Amr Salama
4353,Michael Cumming
4354,Kyoko Miyake
4355,Phil Roman
4356,Roger Spottiswoode
4357,Buddhadev Dasgupta
4358,Christopher Amos
4359,Sukum Maetawanitch
4360,Jeffrey Nachmanoff
4361,Wally Pfister
4362,Richard Bates Jr.
4363,"Jon Reiner, Brad Rothschild"
4364,Ron Underwood
4365,S.S. Wilson
4366,Brent Maddock
4367,Adam Smith
4368,Jitender Pawar
4369,Nicholas Zeig-Owens
4370,"Shaul Schwarz, Christina Clusiau"
4371,Tekin Girgin
4372,Henry Hathaway
4373,Preston A. Whitmore II
4374,"Frank Capra, John Huston, Hugh Stewart, Roy Boulting, Anthony Veiller"
4375,David Soren
4376,Hidetaka Inazuka
4377,Buz Wallick
4378,Gary Young
4379,"Susan Lambert, Stefan Moore"
4380,Benedict Andrews
4381,Paul Feig
4382,Michael Mazzola
4383,Chris Burkard
4384,Jonathan Glazer
4385,Sanjay Patel
4386,Sherif Mandour
4387,Jason Reitman
4388,Pradeep Verma
4389,Mario Van Peebles
4390,"Eshom Nelms, Ian Nelms"
4391,Ashu Trikha
4392,Amanda Micheli
4393,Gurinder Chadha
4394,Brandon Dickerson
4395,David L.G. Hughes
4396,Harvey Lilley
4397,Gary Michael Schultz
4398,James Moll
4399,P.T. Kunju Muhammad
4400,Ganesh Kadam
4401,Kushal Srivastava
4402,Ed Lilly
4403,Bilal Lashari
4404,Param Gill
4405,Anu Menon
4406,Rob McKittrick
4407,"Marc Francis, Max Pugh"
4408,"Alex Smith, Andrew J. Smith"
4409,Philip G. Atwell
4410,Faraz Haider
4411,John Michael McDonagh
4412,Jack Zagha Kababie
4413,Marina Zenovich
4414,Tiffanie Hsu
4415,Max Joseph
4416,David Serrano
4417,Jeremiah Zagar
4418,James Redford
4419,Antoni Krauze
4420,Chi Fat Chan
4421,Ashish R. Mohan
4422,"Stephen Donnelly, Olly Reid, Jun Falkenstein"
4423,Abel Ferrara
4424,Trevor Ryan
4425,Michael Fahey
4426,Kaashvie Nair
4427,Huang Lei
4428,Rebecca Harrison
4429,Josh Mendoza
4430,"Rudy Soedjarwo, Riri Riza"
4431,"Ritu Sarin, Tenzing Sonam"
4432,"Heidi Brandenburg, Mathew Orzel"
4433,Marek Kanievska
4434,Paul Raschid
4435,Benjamin Turner
4436,Drew Stone
4437,"Milla Harrison-Hansley, Alicky Sussman"
4438,Dhruv Dhawan
4439,Nikhil Pherwani
4440,"Frank Capra, Anatole Litvak"
4441,Paul Dano
4442,Morgan Matthews
4443,Mel Stuart
4444,Pascale Lamche
4445,Debra Granik
4446,Zach Braff
4447,Theo Davies
4448,Adrian Murray
4449,Bart Freundlich
4450,Storm Theunissen
4451,David Guy Levy
4452,Yasir Nawaz
4453,Lawrence Kasdan
4454,"Jovanka Vuckovic, Annie Clark, Roxanne Benjamin, Karyn Kusama"
4455,N. Chandra
4456,Abu Bakr Shawky
4457,Christian De Vita
4458,Saratswadee Wongsomphet
4459,Praveen Kandregula
4460,Kirati Nakintanon
4461,Mark Risley
4462,James Brown
4463,Ivona Juka
4464,Cecilia Verheyden
4465,Mu Chu
4466,Chandra Prakash Dwivedi
4467,Daniel Minahan
4468,Majid Al Ansari
4469,Peter Hewitt
4470,Mozez Singh
4471,Donovan Marsh
4472,Brent Dawes
4473,Leli Maki
4474,Uzodinma Okpechi
4475,Daniel Prochaska
4476,Marcus Clarke
4477,Joe Wright
4478,Cai Cong
4479,Samuel Olatunji
4480,Andy Devonshire
4481,Ramon Térmens
4482,Svetlana Cvetko
4483,Martin Prakkat
4484,Zhang Chong
4485,Shantrelle P. Lewis
4486,Alice Waddington
4487,Anthony Mandler
4488,Vijay Roche
4489,Stanley Menino DCosta
4490,Jennifer Brea
4491,Julia von Heinz
4492,Niels Arden Oplev
4493,"Don Argott, Sheena M. Joyce"
4494,"Mona Achache, Patricia Tourancheau"
4495,Joshua Zeman
4496,Duncan Skiles
4497,Vondie Curtis-Hall
4498,Robert Radler
4499,Roel Reiné
4500,Dean Parisot
4501,"Eric Darnell, Tom McGrath, Conrad Vernon"
4502,Alexis Almström
4503,Charles Martin
4504,Stella Corradi
4505,Ann Deborah Fishman
4506,Chris Gorak
4507,Jonathan Lynn
4508,"Pierre Greco, Nancy Florence Savard"
4509,Andrew Davis
4510,Chaitanya Tamhane
4511,"Mike Rianda, Jeff Rowe"
4512,"Robert Pulcini, Shari Springer Berman"
4513,Pedro Antonio
4514,Stephen Kijak
4515,Jonathan Liebesman
4516,Maria Pulera
4517,Santhosh Viswanath
4518,Seema Pahwa
4519,"Selçuk Aydemir, Birkan Pusa"
4520,Selçuk Aydemir
4521,Rindala Kodeih
4522,Kongkiat Khomsiri
4523,Marwan Nabil
4524,"MIKIKO, Daito Manabe"
4525,"Yılmaz Erdoğan, Ömer Faruk Sorak"
4526,Takashi Shimizu
